relabeling,rescoring,suppression,model,house,quantity,boxes,iou_threshold_matching,confidence_threshold_tasknet,iou_threshold_tasknet,confidence_threshold_filternet,iou_threshold_filternet,label,total_positives,TP,FP,TPm,FPm,FPiou
0,0,0,tasknet,floor1,0.25,10,0.5,0.75,0.5,0.38,0.5,0,124,54,14,0,1,4
0,0,0,tasknet,floor1,0.25,10,0.5,0.75,0.5,0.38,0.5,1,111,24,2,0,0,17
0,0,0,filternet,floor1,0.25,10,0.5,0.75,0.5,0.38,0.5,0,124,57,15,0,1,8
0,0,0,filternet,floor1,0.25,10,0.5,0.75,0.5,0.38,0.5,1,111,25,3,0,0,20
0,0,1,filternet,floor1,0.25,10,0.5,0.75,0.5,0.38,0.5,0,124,57,14,0,1,7
0,0,1,filternet,floor1,0.25,10,0.5,0.75,0.5,0.38,0.5,1,111,25,3,0,0,17
0,1,0,filternet,floor1,0.25,10,0.5,0.75,0.5,0.38,0.5,0,124,61,14,0,1,11
0,1,0,filternet,floor1,0.25,10,0.5,0.75,0.5,0.38,0.5,1,111,23,2,0,0,15
0,1,1,filternet,floor1,0.25,10,0.5,0.75,0.5,0.38,0.5,0,124,61,13,0,1,10
0,1,1,filternet,floor1,0.25,10,0.5,0.75,0.5,0.38,0.5,1,111,23,2,0,0,15
1,0,0,filternet,floor1,0.25,10,0.5,0.75,0.5,0.38,0.5,0,124,53,7,0,0,5
1,0,0,filternet,floor1,0.25,10,0.5,0.75,0.5,0.38,0.5,1,111,31,4,1,0,15
1,0,1,filternet,floor1,0.25,10,0.5,0.75,0.5,0.38,0.5,0,124,53,6,0,0,4
1,0,1,filternet,floor1,0.25,10,0.5,0.75,0.5,0.38,0.5,1,111,31,4,1,0,15
1,1,0,filternet,floor1,0.25,10,0.5,0.75,0.5,0.38,0.5,0,124,55,7,0,0,5
1,1,0,filternet,floor1,0.25,10,0.5,0.75,0.5,0.38,0.5,1,111,29,5,1,0,19
1,1,1,filternet,floor1,0.25,10,0.5,0.75,0.5,0.38,0.5,0,124,55,6,0,0,4
1,1,1,filternet,floor1,0.25,10,0.5,0.75,0.5,0.38,0.5,1,111,29,5,1,0,19
0,0,0,tasknet,floor1,0.25,30,0.5,0.75,0.5,0.38,0.5,0,124,62,20,0,1,7
0,0,0,tasknet,floor1,0.25,30,0.5,0.75,0.5,0.38,0.5,1,111,35,4,0,0,24
0,0,0,filternet,floor1,0.25,30,0.5,0.75,0.5,0.38,0.5,0,124,67,23,0,1,14
0,0,0,filternet,floor1,0.25,30,0.5,0.75,0.5,0.38,0.5,1,111,38,5,0,0,36
0,0,1,filternet,floor1,0.25,30,0.5,0.75,0.5,0.38,0.5,0,124,65,23,0,1,10
0,0,1,filternet,floor1,0.25,30,0.5,0.75,0.5,0.38,0.5,1,111,38,4,0,0,20
0,1,0,filternet,floor1,0.25,30,0.5,0.75,0.5,0.38,0.5,0,124,73,28,0,1,16
0,1,0,filternet,floor1,0.25,30,0.5,0.75,0.5,0.38,0.5,1,111,38,4,0,0,23
0,1,1,filternet,floor1,0.25,30,0.5,0.75,0.5,0.38,0.5,0,124,73,28,0,1,15
0,1,1,filternet,floor1,0.25,30,0.5,0.75,0.5,0.38,0.5,1,111,38,4,0,0,23
1,0,0,filternet,floor1,0.25,30,0.5,0.75,0.5,0.38,0.5,0,124,62,10,0,0,4
1,0,0,filternet,floor1,0.25,30,0.5,0.75,0.5,0.38,0.5,1,111,47,7,0,0,14
1,0,1,filternet,floor1,0.25,30,0.5,0.75,0.5,0.38,0.5,0,124,62,10,0,0,4
1,0,1,filternet,floor1,0.25,30,0.5,0.75,0.5,0.38,0.5,1,111,47,6,0,0,14
1,1,0,filternet,floor1,0.25,30,0.5,0.75,0.5,0.38,0.5,0,124,67,10,0,0,7
1,1,0,filternet,floor1,0.25,30,0.5,0.75,0.5,0.38,0.5,1,111,50,7,1,0,18
1,1,1,filternet,floor1,0.25,30,0.5,0.75,0.5,0.38,0.5,0,124,67,10,0,0,7
1,1,1,filternet,floor1,0.25,30,0.5,0.75,0.5,0.38,0.5,1,111,50,7,1,0,18
0,0,0,tasknet,floor1,0.25,50,0.5,0.75,0.5,0.38,0.5,0,124,63,20,0,1,8
0,0,0,tasknet,floor1,0.25,50,0.5,0.75,0.5,0.38,0.5,1,111,37,4,0,0,25
0,0,0,filternet,floor1,0.25,50,0.5,0.75,0.5,0.38,0.5,0,124,69,25,0,1,20
0,0,0,filternet,floor1,0.25,50,0.5,0.75,0.5,0.38,0.5,1,111,42,5,0,0,42
0,0,1,filternet,floor1,0.25,50,0.5,0.75,0.5,0.38,0.5,0,124,65,25,0,1,13
0,0,1,filternet,floor1,0.25,50,0.5,0.75,0.5,0.38,0.5,1,111,40,5,0,0,20
0,1,0,filternet,floor1,0.25,50,0.5,0.75,0.5,0.38,0.5,0,124,75,24,0,2,26
0,1,0,filternet,floor1,0.25,50,0.5,0.75,0.5,0.38,0.5,1,111,45,5,2,0,34
0,1,1,filternet,floor1,0.25,50,0.5,0.75,0.5,0.38,0.5,0,124,75,23,0,2,21
0,1,1,filternet,floor1,0.25,50,0.5,0.75,0.5,0.38,0.5,1,111,45,5,2,0,26
1,0,0,filternet,floor1,0.25,50,0.5,0.75,0.5,0.38,0.5,0,124,61,14,0,0,6
1,0,0,filternet,floor1,0.25,50,0.5,0.75,0.5,0.38,0.5,1,111,48,12,1,0,13
1,0,1,filternet,floor1,0.25,50,0.5,0.75,0.5,0.38,0.5,0,124,59,14,0,0,5
1,0,1,filternet,floor1,0.25,50,0.5,0.75,0.5,0.38,0.5,1,111,47,11,1,0,12
1,1,0,filternet,floor1,0.25,50,0.5,0.75,0.5,0.38,0.5,0,124,66,14,0,0,12
1,1,0,filternet,floor1,0.25,50,0.5,0.75,0.5,0.38,0.5,1,111,50,13,4,0,28
1,1,1,filternet,floor1,0.25,50,0.5,0.75,0.5,0.38,0.5,0,124,66,14,0,0,10
1,1,1,filternet,floor1,0.25,50,0.5,0.75,0.5,0.38,0.5,1,111,50,13,4,0,27
0,0,0,tasknet,floor1,0.25,100,0.5,0.75,0.5,0.38,0.5,0,124,63,20,0,1,8
0,0,0,tasknet,floor1,0.25,100,0.5,0.75,0.5,0.38,0.5,1,111,37,4,0,0,26
0,0,0,filternet,floor1,0.25,100,0.5,0.75,0.5,0.38,0.5,0,124,69,25,0,1,20
0,0,0,filternet,floor1,0.25,100,0.5,0.75,0.5,0.38,0.5,1,111,42,5,0,0,43
0,0,1,filternet,floor1,0.25,100,0.5,0.75,0.5,0.38,0.5,0,124,66,25,0,1,12
0,0,1,filternet,floor1,0.25,100,0.5,0.75,0.5,0.38,0.5,1,111,42,4,0,0,24
0,1,0,filternet,floor1,0.25,100,0.5,0.75,0.5,0.38,0.5,0,124,76,26,1,6,47
0,1,0,filternet,floor1,0.25,100,0.5,0.75,0.5,0.38,0.5,1,111,49,5,7,0,49
0,1,1,filternet,floor1,0.25,100,0.5,0.75,0.5,0.38,0.5,0,124,76,26,1,6,43
0,1,1,filternet,floor1,0.25,100,0.5,0.75,0.5,0.38,0.5,1,111,49,5,7,0,46
1,0,0,filternet,floor1,0.25,100,0.5,0.75,0.5,0.38,0.5,0,124,55,7,0,0,4
1,0,0,filternet,floor1,0.25,100,0.5,0.75,0.5,0.38,0.5,1,111,52,15,1,0,13
1,0,1,filternet,floor1,0.25,100,0.5,0.75,0.5,0.38,0.5,0,124,53,7,0,0,4
1,0,1,filternet,floor1,0.25,100,0.5,0.75,0.5,0.38,0.5,1,111,52,15,1,0,13
1,1,0,filternet,floor1,0.25,100,0.5,0.75,0.5,0.38,0.5,0,124,60,9,1,0,23
1,1,0,filternet,floor1,0.25,100,0.5,0.75,0.5,0.38,0.5,1,111,57,17,8,0,37
1,1,1,filternet,floor1,0.25,100,0.5,0.75,0.5,0.38,0.5,0,124,60,9,1,0,20
1,1,1,filternet,floor1,0.25,100,0.5,0.75,0.5,0.38,0.5,1,111,57,17,8,0,36
0,0,0,tasknet,floor1,0.5,10,0.5,0.75,0.5,0.38,0.5,0,124,54,14,0,1,4
0,0,0,tasknet,floor1,0.5,10,0.5,0.75,0.5,0.38,0.5,1,111,24,2,0,0,17
0,0,0,filternet,floor1,0.5,10,0.5,0.75,0.5,0.38,0.5,0,124,57,15,0,1,8
0,0,0,filternet,floor1,0.5,10,0.5,0.75,0.5,0.38,0.5,1,111,25,3,0,0,20
0,0,1,filternet,floor1,0.5,10,0.5,0.75,0.5,0.38,0.5,0,124,57,15,0,1,6
0,0,1,filternet,floor1,0.5,10,0.5,0.75,0.5,0.38,0.5,1,111,25,3,0,0,12
0,1,0,filternet,floor1,0.5,10,0.5,0.75,0.5,0.38,0.5,0,124,60,15,0,1,6
0,1,0,filternet,floor1,0.5,10,0.5,0.75,0.5,0.38,0.5,1,111,24,3,0,0,13
0,1,1,filternet,floor1,0.5,10,0.5,0.75,0.5,0.38,0.5,0,124,60,15,0,1,6
0,1,1,filternet,floor1,0.5,10,0.5,0.75,0.5,0.38,0.5,1,111,24,3,0,0,12
1,0,0,filternet,floor1,0.5,10,0.5,0.75,0.5,0.38,0.5,0,124,55,3,0,0,2
1,0,0,filternet,floor1,0.5,10,0.5,0.75,0.5,0.38,0.5,1,111,34,5,0,0,15
1,0,1,filternet,floor1,0.5,10,0.5,0.75,0.5,0.38,0.5,0,124,55,3,0,0,1
1,0,1,filternet,floor1,0.5,10,0.5,0.75,0.5,0.38,0.5,1,111,34,5,0,0,15
1,1,0,filternet,floor1,0.5,10,0.5,0.75,0.5,0.38,0.5,0,124,56,3,0,0,2
1,1,0,filternet,floor1,0.5,10,0.5,0.75,0.5,0.38,0.5,1,111,34,7,0,0,14
1,1,1,filternet,floor1,0.5,10,0.5,0.75,0.5,0.38,0.5,0,124,56,3,0,0,1
1,1,1,filternet,floor1,0.5,10,0.5,0.75,0.5,0.38,0.5,1,111,34,7,0,0,14
0,0,0,tasknet,floor1,0.5,30,0.5,0.75,0.5,0.38,0.5,0,124,62,20,0,1,7
0,0,0,tasknet,floor1,0.5,30,0.5,0.75,0.5,0.38,0.5,1,111,35,4,0,0,24
0,0,0,filternet,floor1,0.5,30,0.5,0.75,0.5,0.38,0.5,0,124,67,23,0,1,14
0,0,0,filternet,floor1,0.5,30,0.5,0.75,0.5,0.38,0.5,1,111,38,5,0,0,36
0,0,1,filternet,floor1,0.5,30,0.5,0.75,0.5,0.38,0.5,0,124,64,23,0,1,11
0,0,1,filternet,floor1,0.5,30,0.5,0.75,0.5,0.38,0.5,1,111,38,5,0,0,18
0,1,0,filternet,floor1,0.5,30,0.5,0.75,0.5,0.38,0.5,0,124,68,22,0,3,16
0,1,0,filternet,floor1,0.5,30,0.5,0.75,0.5,0.38,0.5,1,111,41,6,0,0,14
0,1,1,filternet,floor1,0.5,30,0.5,0.75,0.5,0.38,0.5,0,124,68,22,0,3,15
0,1,1,filternet,floor1,0.5,30,0.5,0.75,0.5,0.38,0.5,1,111,41,6,0,0,14
1,0,0,filternet,floor1,0.5,30,0.5,0.75,0.5,0.38,0.5,0,124,57,4,0,0,4
1,0,0,filternet,floor1,0.5,30,0.5,0.75,0.5,0.38,0.5,1,111,54,11,1,0,13
1,0,1,filternet,floor1,0.5,30,0.5,0.75,0.5,0.38,0.5,0,124,57,4,0,0,4
1,0,1,filternet,floor1,0.5,30,0.5,0.75,0.5,0.38,0.5,1,111,54,11,1,0,13
1,1,0,filternet,floor1,0.5,30,0.5,0.75,0.5,0.38,0.5,0,124,59,4,0,0,7
1,1,0,filternet,floor1,0.5,30,0.5,0.75,0.5,0.38,0.5,1,111,56,14,3,0,14
1,1,1,filternet,floor1,0.5,30,0.5,0.75,0.5,0.38,0.5,0,124,59,4,0,0,7
1,1,1,filternet,floor1,0.5,30,0.5,0.75,0.5,0.38,0.5,1,111,56,14,3,0,14
0,0,0,tasknet,floor1,0.5,50,0.5,0.75,0.5,0.38,0.5,0,124,63,20,0,1,8
0,0,0,tasknet,floor1,0.5,50,0.5,0.75,0.5,0.38,0.5,1,111,37,4,0,0,25
0,0,0,filternet,floor1,0.5,50,0.5,0.75,0.5,0.38,0.5,0,124,69,25,0,1,20
0,0,0,filternet,floor1,0.5,50,0.5,0.75,0.5,0.38,0.5,1,111,42,5,0,0,42
0,0,1,filternet,floor1,0.5,50,0.5,0.75,0.5,0.38,0.5,0,124,66,25,0,1,13
0,0,1,filternet,floor1,0.5,50,0.5,0.75,0.5,0.38,0.5,1,111,41,5,0,0,21
0,1,0,filternet,floor1,0.5,50,0.5,0.75,0.5,0.38,0.5,0,124,75,27,0,2,18
0,1,0,filternet,floor1,0.5,50,0.5,0.75,0.5,0.38,0.5,1,111,44,6,3,0,35
0,1,1,filternet,floor1,0.5,50,0.5,0.75,0.5,0.38,0.5,0,124,74,27,0,2,14
0,1,1,filternet,floor1,0.5,50,0.5,0.75,0.5,0.38,0.5,1,111,43,6,3,0,31
1,0,0,filternet,floor1,0.5,50,0.5,0.75,0.5,0.38,0.5,0,124,59,5,0,0,4
1,0,0,filternet,floor1,0.5,50,0.5,0.75,0.5,0.38,0.5,1,111,60,12,1,0,20
1,0,1,filternet,floor1,0.5,50,0.5,0.75,0.5,0.38,0.5,0,124,58,4,0,0,4
1,0,1,filternet,floor1,0.5,50,0.5,0.75,0.5,0.38,0.5,1,111,60,12,1,0,20
1,1,0,filternet,floor1,0.5,50,0.5,0.75,0.5,0.38,0.5,0,124,63,6,0,0,8
1,1,0,filternet,floor1,0.5,50,0.5,0.75,0.5,0.38,0.5,1,111,62,17,5,0,32
1,1,1,filternet,floor1,0.5,50,0.5,0.75,0.5,0.38,0.5,0,124,62,5,0,0,8
1,1,1,filternet,floor1,0.5,50,0.5,0.75,0.5,0.38,0.5,1,111,62,17,5,0,31
0,0,0,tasknet,floor1,0.5,100,0.5,0.75,0.5,0.38,0.5,0,124,63,20,0,1,8
0,0,0,tasknet,floor1,0.5,100,0.5,0.75,0.5,0.38,0.5,1,111,37,4,0,0,26
0,0,0,filternet,floor1,0.5,100,0.5,0.75,0.5,0.38,0.5,0,124,69,25,0,1,20
0,0,0,filternet,floor1,0.5,100,0.5,0.75,0.5,0.38,0.5,1,111,42,5,0,0,43
0,0,1,filternet,floor1,0.5,100,0.5,0.75,0.5,0.38,0.5,0,124,66,25,0,1,11
0,0,1,filternet,floor1,0.5,100,0.5,0.75,0.5,0.38,0.5,1,111,42,5,0,0,21
0,1,0,filternet,floor1,0.5,100,0.5,0.75,0.5,0.38,0.5,0,124,77,29,1,6,50
0,1,0,filternet,floor1,0.5,100,0.5,0.75,0.5,0.38,0.5,1,111,49,6,6,1,33
0,1,1,filternet,floor1,0.5,100,0.5,0.75,0.5,0.38,0.5,0,124,76,29,1,6,44
0,1,1,filternet,floor1,0.5,100,0.5,0.75,0.5,0.38,0.5,1,111,49,6,6,1,32
1,0,0,filternet,floor1,0.5,100,0.5,0.75,0.5,0.38,0.5,0,124,63,3,0,0,3
1,0,0,filternet,floor1,0.5,100,0.5,0.75,0.5,0.38,0.5,1,111,63,10,1,0,17
1,0,1,filternet,floor1,0.5,100,0.5,0.75,0.5,0.38,0.5,0,124,62,3,0,0,2
1,0,1,filternet,floor1,0.5,100,0.5,0.75,0.5,0.38,0.5,1,111,63,10,1,0,17
1,1,0,filternet,floor1,0.5,100,0.5,0.75,0.5,0.38,0.5,0,124,70,4,1,0,19
1,1,0,filternet,floor1,0.5,100,0.5,0.75,0.5,0.38,0.5,1,111,71,13,10,0,42
1,1,1,filternet,floor1,0.5,100,0.5,0.75,0.5,0.38,0.5,0,124,69,4,1,0,17
1,1,1,filternet,floor1,0.5,100,0.5,0.75,0.5,0.38,0.5,1,111,71,13,10,0,41
0,0,0,tasknet,floor1,0.75,10,0.5,0.75,0.5,0.38,0.5,0,124,54,14,0,1,4
0,0,0,tasknet,floor1,0.75,10,0.5,0.75,0.5,0.38,0.5,1,111,24,2,0,0,17
0,0,0,filternet,floor1,0.75,10,0.5,0.75,0.5,0.38,0.5,0,124,57,15,0,1,8
0,0,0,filternet,floor1,0.75,10,0.5,0.75,0.5,0.38,0.5,1,111,25,3,0,0,20
0,0,1,filternet,floor1,0.75,10,0.5,0.75,0.5,0.38,0.5,0,124,57,14,0,1,6
0,0,1,filternet,floor1,0.75,10,0.5,0.75,0.5,0.38,0.5,1,111,25,3,0,0,14
0,1,0,filternet,floor1,0.75,10,0.5,0.75,0.5,0.38,0.5,0,124,61,15,0,0,6
0,1,0,filternet,floor1,0.75,10,0.5,0.75,0.5,0.38,0.5,1,111,26,3,1,0,11
0,1,1,filternet,floor1,0.75,10,0.5,0.75,0.5,0.38,0.5,0,124,61,15,0,0,6
0,1,1,filternet,floor1,0.75,10,0.5,0.75,0.5,0.38,0.5,1,111,26,3,1,0,11
1,0,0,filternet,floor1,0.75,10,0.5,0.75,0.5,0.38,0.5,0,124,54,3,0,0,3
1,0,0,filternet,floor1,0.75,10,0.5,0.75,0.5,0.38,0.5,1,111,36,6,1,0,12
1,0,1,filternet,floor1,0.75,10,0.5,0.75,0.5,0.38,0.5,0,124,54,3,0,0,3
1,0,1,filternet,floor1,0.75,10,0.5,0.75,0.5,0.38,0.5,1,111,35,6,1,0,12
1,1,0,filternet,floor1,0.75,10,0.5,0.75,0.5,0.38,0.5,0,124,56,3,0,0,3
1,1,0,filternet,floor1,0.75,10,0.5,0.75,0.5,0.38,0.5,1,111,36,8,1,0,12
1,1,1,filternet,floor1,0.75,10,0.5,0.75,0.5,0.38,0.5,0,124,56,3,0,0,3
1,1,1,filternet,floor1,0.75,10,0.5,0.75,0.5,0.38,0.5,1,111,36,8,1,0,12
0,0,0,tasknet,floor1,0.75,30,0.5,0.75,0.5,0.38,0.5,0,124,62,20,0,1,7
0,0,0,tasknet,floor1,0.75,30,0.5,0.75,0.5,0.38,0.5,1,111,35,4,0,0,24
0,0,0,filternet,floor1,0.75,30,0.5,0.75,0.5,0.38,0.5,0,124,67,23,0,1,14
0,0,0,filternet,floor1,0.75,30,0.5,0.75,0.5,0.38,0.5,1,111,38,5,0,0,36
0,0,1,filternet,floor1,0.75,30,0.5,0.75,0.5,0.38,0.5,0,124,66,23,0,1,9
0,0,1,filternet,floor1,0.75,30,0.5,0.75,0.5,0.38,0.5,1,111,38,5,0,0,18
0,1,0,filternet,floor1,0.75,30,0.5,0.75,0.5,0.38,0.5,0,124,70,26,0,2,13
0,1,0,filternet,floor1,0.75,30,0.5,0.75,0.5,0.38,0.5,1,111,40,6,0,0,15
0,1,1,filternet,floor1,0.75,30,0.5,0.75,0.5,0.38,0.5,0,124,70,26,0,2,12
0,1,1,filternet,floor1,0.75,30,0.5,0.75,0.5,0.38,0.5,1,111,40,6,0,0,15
1,0,0,filternet,floor1,0.75,30,0.5,0.75,0.5,0.38,0.5,0,124,63,4,0,0,3
1,0,0,filternet,floor1,0.75,30,0.5,0.75,0.5,0.38,0.5,1,111,53,7,0,0,9
1,0,1,filternet,floor1,0.75,30,0.5,0.75,0.5,0.38,0.5,0,124,63,4,0,0,3
1,0,1,filternet,floor1,0.75,30,0.5,0.75,0.5,0.38,0.5,1,111,53,7,0,0,9
1,1,0,filternet,floor1,0.75,30,0.5,0.75,0.5,0.38,0.5,0,124,67,4,0,0,6
1,1,0,filternet,floor1,0.75,30,0.5,0.75,0.5,0.38,0.5,1,111,59,8,1,0,10
1,1,1,filternet,floor1,0.75,30,0.5,0.75,0.5,0.38,0.5,0,124,67,4,0,0,6
1,1,1,filternet,floor1,0.75,30,0.5,0.75,0.5,0.38,0.5,1,111,59,8,1,0,10
0,0,0,tasknet,floor1,0.75,50,0.5,0.75,0.5,0.38,0.5,0,124,63,20,0,1,8
0,0,0,tasknet,floor1,0.75,50,0.5,0.75,0.5,0.38,0.5,1,111,37,4,0,0,25
0,0,0,filternet,floor1,0.75,50,0.5,0.75,0.5,0.38,0.5,0,124,69,25,0,1,20
0,0,0,filternet,floor1,0.75,50,0.5,0.75,0.5,0.38,0.5,1,111,42,5,0,0,42
0,0,1,filternet,floor1,0.75,50,0.5,0.75,0.5,0.38,0.5,0,124,66,25,0,1,12
0,0,1,filternet,floor1,0.75,50,0.5,0.75,0.5,0.38,0.5,1,111,42,5,0,0,20
0,1,0,filternet,floor1,0.75,50,0.5,0.75,0.5,0.38,0.5,0,124,73,31,0,4,16
0,1,0,filternet,floor1,0.75,50,0.5,0.75,0.5,0.38,0.5,1,111,43,7,4,0,33
0,1,1,filternet,floor1,0.75,50,0.5,0.75,0.5,0.38,0.5,0,124,73,31,0,4,12
0,1,1,filternet,floor1,0.75,50,0.5,0.75,0.5,0.38,0.5,1,111,43,7,4,0,28
1,0,0,filternet,floor1,0.75,50,0.5,0.75,0.5,0.38,0.5,0,124,59,4,0,0,3
1,0,0,filternet,floor1,0.75,50,0.5,0.75,0.5,0.38,0.5,1,111,60,11,1,0,14
1,0,1,filternet,floor1,0.75,50,0.5,0.75,0.5,0.38,0.5,0,124,58,4,0,0,2
1,0,1,filternet,floor1,0.75,50,0.5,0.75,0.5,0.38,0.5,1,111,60,12,1,0,14
1,1,0,filternet,floor1,0.75,50,0.5,0.75,0.5,0.38,0.5,0,124,62,4,0,0,10
1,1,0,filternet,floor1,0.75,50,0.5,0.75,0.5,0.38,0.5,1,111,66,16,7,0,16
1,1,1,filternet,floor1,0.75,50,0.5,0.75,0.5,0.38,0.5,0,124,61,4,0,0,9
1,1,1,filternet,floor1,0.75,50,0.5,0.75,0.5,0.38,0.5,1,111,66,17,7,0,14
0,0,0,tasknet,floor1,0.75,100,0.5,0.75,0.5,0.38,0.5,0,124,63,20,0,1,8
0,0,0,tasknet,floor1,0.75,100,0.5,0.75,0.5,0.38,0.5,1,111,37,4,0,0,26
0,0,0,filternet,floor1,0.75,100,0.5,0.75,0.5,0.38,0.5,0,124,69,25,0,1,20
0,0,0,filternet,floor1,0.75,100,0.5,0.75,0.5,0.38,0.5,1,111,42,5,0,0,43
0,0,1,filternet,floor1,0.75,100,0.5,0.75,0.5,0.38,0.5,0,124,66,25,0,1,9
0,0,1,filternet,floor1,0.75,100,0.5,0.75,0.5,0.38,0.5,1,111,41,5,0,0,17
0,1,0,filternet,floor1,0.75,100,0.5,0.75,0.5,0.38,0.5,0,124,77,31,1,5,42
0,1,0,filternet,floor1,0.75,100,0.5,0.75,0.5,0.38,0.5,1,111,45,5,9,0,35
0,1,1,filternet,floor1,0.75,100,0.5,0.75,0.5,0.38,0.5,0,124,75,31,1,5,38
0,1,1,filternet,floor1,0.75,100,0.5,0.75,0.5,0.38,0.5,1,111,45,5,9,0,31
1,0,0,filternet,floor1,0.75,100,0.5,0.75,0.5,0.38,0.5,0,124,66,3,0,0,2
1,0,0,filternet,floor1,0.75,100,0.5,0.75,0.5,0.38,0.5,1,111,59,5,1,0,11
1,0,1,filternet,floor1,0.75,100,0.5,0.75,0.5,0.38,0.5,0,124,64,3,0,0,2
1,0,1,filternet,floor1,0.75,100,0.5,0.75,0.5,0.38,0.5,1,111,59,5,1,0,11
1,1,0,filternet,floor1,0.75,100,0.5,0.75,0.5,0.38,0.5,0,124,72,4,1,0,15
1,1,0,filternet,floor1,0.75,100,0.5,0.75,0.5,0.38,0.5,1,111,69,6,11,0,29
1,1,1,filternet,floor1,0.75,100,0.5,0.75,0.5,0.38,0.5,0,124,70,4,1,0,14
1,1,1,filternet,floor1,0.75,100,0.5,0.75,0.5,0.38,0.5,1,111,69,6,11,0,28
0,0,0,tasknet,floor4,0.25,10,0.5,0.75,0.5,0.38,0.5,0,138,18,6,0,0,19
0,0,0,tasknet,floor4,0.25,10,0.5,0.75,0.5,0.38,0.5,1,131,57,2,0,0,20
0,0,0,filternet,floor4,0.25,10,0.5,0.75,0.5,0.38,0.5,0,138,20,6,0,0,24
0,0,0,filternet,floor4,0.25,10,0.5,0.75,0.5,0.38,0.5,1,131,59,2,0,0,27
0,0,1,filternet,floor4,0.25,10,0.5,0.75,0.5,0.38,0.5,0,138,18,5,0,0,14
0,0,1,filternet,floor4,0.25,10,0.5,0.75,0.5,0.38,0.5,1,131,57,2,0,0,7
0,1,0,filternet,floor4,0.25,10,0.5,0.75,0.5,0.38,0.5,0,138,19,7,0,0,11
0,1,0,filternet,floor4,0.25,10,0.5,0.75,0.5,0.38,0.5,1,131,57,3,0,0,8
0,1,1,filternet,floor4,0.25,10,0.5,0.75,0.5,0.38,0.5,0,138,19,7,0,0,11
0,1,1,filternet,floor4,0.25,10,0.5,0.75,0.5,0.38,0.5,1,131,57,3,0,0,8
1,0,0,filternet,floor4,0.25,10,0.5,0.75,0.5,0.38,0.5,0,138,13,4,0,0,6
1,0,0,filternet,floor4,0.25,10,0.5,0.75,0.5,0.38,0.5,1,131,54,6,0,0,7
1,0,1,filternet,floor4,0.25,10,0.5,0.75,0.5,0.38,0.5,0,138,13,4,0,0,6
1,0,1,filternet,floor4,0.25,10,0.5,0.75,0.5,0.38,0.5,1,131,54,6,0,0,7
1,1,0,filternet,floor4,0.25,10,0.5,0.75,0.5,0.38,0.5,0,138,14,5,0,0,8
1,1,0,filternet,floor4,0.25,10,0.5,0.75,0.5,0.38,0.5,1,131,56,6,0,0,8
1,1,1,filternet,floor4,0.25,10,0.5,0.75,0.5,0.38,0.5,0,138,14,5,0,0,8
1,1,1,filternet,floor4,0.25,10,0.5,0.75,0.5,0.38,0.5,1,131,56,6,0,0,8
0,0,0,tasknet,floor4,0.25,30,0.5,0.75,0.5,0.38,0.5,0,138,22,9,0,0,23
0,0,0,tasknet,floor4,0.25,30,0.5,0.75,0.5,0.38,0.5,1,131,68,5,0,0,26
0,0,0,filternet,floor4,0.25,30,0.5,0.75,0.5,0.38,0.5,0,138,30,11,0,0,33
0,0,0,filternet,floor4,0.25,30,0.5,0.75,0.5,0.38,0.5,1,131,76,5,4,0,41
0,0,1,filternet,floor4,0.25,30,0.5,0.75,0.5,0.38,0.5,0,138,27,9,0,0,20
0,0,1,filternet,floor4,0.25,30,0.5,0.75,0.5,0.38,0.5,1,131,74,5,4,0,16
0,1,0,filternet,floor4,0.25,30,0.5,0.75,0.5,0.38,0.5,0,138,29,12,0,1,19
0,1,0,filternet,floor4,0.25,30,0.5,0.75,0.5,0.38,0.5,1,131,72,7,2,0,24
0,1,1,filternet,floor4,0.25,30,0.5,0.75,0.5,0.38,0.5,0,138,29,10,0,1,19
0,1,1,filternet,floor4,0.25,30,0.5,0.75,0.5,0.38,0.5,1,131,72,7,2,0,22
1,0,0,filternet,floor4,0.25,30,0.5,0.75,0.5,0.38,0.5,0,138,21,3,0,0,14
1,0,0,filternet,floor4,0.25,30,0.5,0.75,0.5,0.38,0.5,1,131,70,7,2,0,10
1,0,1,filternet,floor4,0.25,30,0.5,0.75,0.5,0.38,0.5,0,138,21,3,0,0,13
1,0,1,filternet,floor4,0.25,30,0.5,0.75,0.5,0.38,0.5,1,131,70,7,2,0,9
1,1,0,filternet,floor4,0.25,30,0.5,0.75,0.5,0.38,0.5,0,138,25,5,0,0,17
1,1,0,filternet,floor4,0.25,30,0.5,0.75,0.5,0.38,0.5,1,131,73,8,2,0,12
1,1,1,filternet,floor4,0.25,30,0.5,0.75,0.5,0.38,0.5,0,138,25,4,0,0,17
1,1,1,filternet,floor4,0.25,30,0.5,0.75,0.5,0.38,0.5,1,131,73,8,2,0,11
0,0,0,tasknet,floor4,0.25,50,0.5,0.75,0.5,0.38,0.5,0,138,22,9,0,0,23
0,0,0,tasknet,floor4,0.25,50,0.5,0.75,0.5,0.38,0.5,1,131,70,5,0,0,30
0,0,0,filternet,floor4,0.25,50,0.5,0.75,0.5,0.38,0.5,0,138,32,12,0,0,34
0,0,0,filternet,floor4,0.25,50,0.5,0.75,0.5,0.38,0.5,1,131,79,6,4,0,49
0,0,1,filternet,floor4,0.25,50,0.5,0.75,0.5,0.38,0.5,0,138,27,9,0,0,20
0,0,1,filternet,floor4,0.25,50,0.5,0.75,0.5,0.38,0.5,1,131,77,6,4,0,18
0,1,0,filternet,floor4,0.25,50,0.5,0.75,0.5,0.38,0.5,0,138,41,18,0,1,26
0,1,0,filternet,floor4,0.25,50,0.5,0.75,0.5,0.38,0.5,1,131,79,4,5,0,28
0,1,1,filternet,floor4,0.25,50,0.5,0.75,0.5,0.38,0.5,0,138,38,17,0,1,25
0,1,1,filternet,floor4,0.25,50,0.5,0.75,0.5,0.38,0.5,1,131,78,4,5,0,23
1,0,0,filternet,floor4,0.25,50,0.5,0.75,0.5,0.38,0.5,0,138,23,8,0,0,9
1,0,0,filternet,floor4,0.25,50,0.5,0.75,0.5,0.38,0.5,1,131,72,6,3,0,14
1,0,1,filternet,floor4,0.25,50,0.5,0.75,0.5,0.38,0.5,0,138,23,7,0,0,9
1,0,1,filternet,floor4,0.25,50,0.5,0.75,0.5,0.38,0.5,1,131,72,6,3,0,10
1,1,0,filternet,floor4,0.25,50,0.5,0.75,0.5,0.38,0.5,0,138,34,13,0,1,13
1,1,0,filternet,floor4,0.25,50,0.5,0.75,0.5,0.38,0.5,1,131,82,8,5,0,21
1,1,1,filternet,floor4,0.25,50,0.5,0.75,0.5,0.38,0.5,0,138,34,12,0,1,13
1,1,1,filternet,floor4,0.25,50,0.5,0.75,0.5,0.38,0.5,1,131,81,7,5,0,17
0,0,0,tasknet,floor4,0.25,100,0.5,0.75,0.5,0.38,0.5,0,138,22,9,0,0,23
0,0,0,tasknet,floor4,0.25,100,0.5,0.75,0.5,0.38,0.5,1,131,70,5,0,0,30
0,0,0,filternet,floor4,0.25,100,0.5,0.75,0.5,0.38,0.5,0,138,32,12,1,0,34
0,0,0,filternet,floor4,0.25,100,0.5,0.75,0.5,0.38,0.5,1,131,79,6,4,0,50
0,0,1,filternet,floor4,0.25,100,0.5,0.75,0.5,0.38,0.5,0,138,25,8,0,0,18
0,0,1,filternet,floor4,0.25,100,0.5,0.75,0.5,0.38,0.5,1,131,75,5,4,0,22
0,1,0,filternet,floor4,0.25,100,0.5,0.75,0.5,0.38,0.5,0,138,46,18,1,7,61
0,1,0,filternet,floor4,0.25,100,0.5,0.75,0.5,0.38,0.5,1,131,84,19,16,1,64
0,1,1,filternet,floor4,0.25,100,0.5,0.75,0.5,0.38,0.5,0,138,41,14,1,7,56
0,1,1,filternet,floor4,0.25,100,0.5,0.75,0.5,0.38,0.5,1,131,81,19,14,1,57
1,0,0,filternet,floor4,0.25,100,0.5,0.75,0.5,0.38,0.5,0,138,22,10,0,0,7
1,0,0,filternet,floor4,0.25,100,0.5,0.75,0.5,0.38,0.5,1,131,73,9,4,0,15
1,0,1,filternet,floor4,0.25,100,0.5,0.75,0.5,0.38,0.5,0,138,20,6,0,0,7
1,0,1,filternet,floor4,0.25,100,0.5,0.75,0.5,0.38,0.5,1,131,73,7,4,0,12
1,1,0,filternet,floor4,0.25,100,0.5,0.75,0.5,0.38,0.5,0,138,37,14,1,4,39
1,1,0,filternet,floor4,0.25,100,0.5,0.75,0.5,0.38,0.5,1,131,86,24,18,1,52
1,1,1,filternet,floor4,0.25,100,0.5,0.75,0.5,0.38,0.5,0,138,35,9,1,3,38
1,1,1,filternet,floor4,0.25,100,0.5,0.75,0.5,0.38,0.5,1,131,86,21,17,1,46
0,0,0,tasknet,floor4,0.5,10,0.5,0.75,0.5,0.38,0.5,0,138,18,6,0,0,19
0,0,0,tasknet,floor4,0.5,10,0.5,0.75,0.5,0.38,0.5,1,131,57,2,0,0,20
0,0,0,filternet,floor4,0.5,10,0.5,0.75,0.5,0.38,0.5,0,138,20,6,0,0,24
0,0,0,filternet,floor4,0.5,10,0.5,0.75,0.5,0.38,0.5,1,131,59,2,0,0,27
0,0,1,filternet,floor4,0.5,10,0.5,0.75,0.5,0.38,0.5,0,138,18,5,0,0,8
0,0,1,filternet,floor4,0.5,10,0.5,0.75,0.5,0.38,0.5,1,131,57,2,0,0,4
0,1,0,filternet,floor4,0.5,10,0.5,0.75,0.5,0.38,0.5,0,138,17,7,0,0,12
0,1,0,filternet,floor4,0.5,10,0.5,0.75,0.5,0.38,0.5,1,131,58,2,0,0,4
0,1,1,filternet,floor4,0.5,10,0.5,0.75,0.5,0.38,0.5,0,138,17,6,0,0,10
0,1,1,filternet,floor4,0.5,10,0.5,0.75,0.5,0.38,0.5,1,131,57,2,0,0,3
1,0,0,filternet,floor4,0.5,10,0.5,0.75,0.5,0.38,0.5,0,138,14,0,0,0,3
1,0,0,filternet,floor4,0.5,10,0.5,0.75,0.5,0.38,0.5,1,131,64,4,0,0,6
1,0,1,filternet,floor4,0.5,10,0.5,0.75,0.5,0.38,0.5,0,138,14,0,0,0,2
1,0,1,filternet,floor4,0.5,10,0.5,0.75,0.5,0.38,0.5,1,131,63,4,0,0,5
1,1,0,filternet,floor4,0.5,10,0.5,0.75,0.5,0.38,0.5,0,138,16,0,0,0,3
1,1,0,filternet,floor4,0.5,10,0.5,0.75,0.5,0.38,0.5,1,131,65,3,0,0,8
1,1,1,filternet,floor4,0.5,10,0.5,0.75,0.5,0.38,0.5,0,138,16,0,0,0,2
1,1,1,filternet,floor4,0.5,10,0.5,0.75,0.5,0.38,0.5,1,131,64,3,0,0,7
0,0,0,tasknet,floor4,0.5,30,0.5,0.75,0.5,0.38,0.5,0,138,22,9,0,0,23
0,0,0,tasknet,floor4,0.5,30,0.5,0.75,0.5,0.38,0.5,1,131,68,5,0,0,26
0,0,0,filternet,floor4,0.5,30,0.5,0.75,0.5,0.38,0.5,0,138,30,11,0,0,33
0,0,0,filternet,floor4,0.5,30,0.5,0.75,0.5,0.38,0.5,1,131,76,5,4,0,41
0,0,1,filternet,floor4,0.5,30,0.5,0.75,0.5,0.38,0.5,0,138,27,10,0,0,18
0,0,1,filternet,floor4,0.5,30,0.5,0.75,0.5,0.38,0.5,1,131,75,5,4,0,11
0,1,0,filternet,floor4,0.5,30,0.5,0.75,0.5,0.38,0.5,0,138,28,14,0,1,16
0,1,0,filternet,floor4,0.5,30,0.5,0.75,0.5,0.38,0.5,1,131,78,8,3,0,11
0,1,1,filternet,floor4,0.5,30,0.5,0.75,0.5,0.38,0.5,0,138,28,13,0,1,15
0,1,1,filternet,floor4,0.5,30,0.5,0.75,0.5,0.38,0.5,1,131,78,8,3,0,10
1,0,0,filternet,floor4,0.5,30,0.5,0.75,0.5,0.38,0.5,0,138,18,2,0,0,4
1,0,0,filternet,floor4,0.5,30,0.5,0.75,0.5,0.38,0.5,1,131,80,11,4,0,11
1,0,1,filternet,floor4,0.5,30,0.5,0.75,0.5,0.38,0.5,0,138,18,2,0,0,4
1,0,1,filternet,floor4,0.5,30,0.5,0.75,0.5,0.38,0.5,1,131,80,11,4,0,11
1,1,0,filternet,floor4,0.5,30,0.5,0.75,0.5,0.38,0.5,0,138,22,4,0,0,7
1,1,0,filternet,floor4,0.5,30,0.5,0.75,0.5,0.38,0.5,1,131,86,13,4,0,12
1,1,1,filternet,floor4,0.5,30,0.5,0.75,0.5,0.38,0.5,0,138,22,4,0,0,6
1,1,1,filternet,floor4,0.5,30,0.5,0.75,0.5,0.38,0.5,1,131,86,13,4,0,11
0,0,0,tasknet,floor4,0.5,50,0.5,0.75,0.5,0.38,0.5,0,138,22,9,0,0,23
0,0,0,tasknet,floor4,0.5,50,0.5,0.75,0.5,0.38,0.5,1,131,70,5,0,0,30
0,0,0,filternet,floor4,0.5,50,0.5,0.75,0.5,0.38,0.5,0,138,32,12,0,0,34
0,0,0,filternet,floor4,0.5,50,0.5,0.75,0.5,0.38,0.5,1,131,79,6,4,0,49
0,0,1,filternet,floor4,0.5,50,0.5,0.75,0.5,0.38,0.5,0,138,29,11,0,0,16
0,0,1,filternet,floor4,0.5,50,0.5,0.75,0.5,0.38,0.5,1,131,75,6,4,0,18
0,1,0,filternet,floor4,0.5,50,0.5,0.75,0.5,0.38,0.5,0,138,42,20,0,2,28
0,1,0,filternet,floor4,0.5,50,0.5,0.75,0.5,0.38,0.5,1,131,81,7,7,0,22
0,1,1,filternet,floor4,0.5,50,0.5,0.75,0.5,0.38,0.5,0,138,40,18,0,2,27
0,1,1,filternet,floor4,0.5,50,0.5,0.75,0.5,0.38,0.5,1,131,79,7,7,0,20
1,0,0,filternet,floor4,0.5,50,0.5,0.75,0.5,0.38,0.5,0,138,24,6,0,0,6
1,0,0,filternet,floor4,0.5,50,0.5,0.75,0.5,0.38,0.5,1,131,80,10,4,0,15
1,0,1,filternet,floor4,0.5,50,0.5,0.75,0.5,0.38,0.5,0,138,23,6,0,0,6
1,0,1,filternet,floor4,0.5,50,0.5,0.75,0.5,0.38,0.5,1,131,77,10,4,0,14
1,1,0,filternet,floor4,0.5,50,0.5,0.75,0.5,0.38,0.5,0,138,33,8,0,0,8
1,1,0,filternet,floor4,0.5,50,0.5,0.75,0.5,0.38,0.5,1,131,92,16,9,0,27
1,1,1,filternet,floor4,0.5,50,0.5,0.75,0.5,0.38,0.5,0,138,31,8,0,0,8
1,1,1,filternet,floor4,0.5,50,0.5,0.75,0.5,0.38,0.5,1,131,89,16,9,0,26
0,0,0,tasknet,floor4,0.5,100,0.5,0.75,0.5,0.38,0.5,0,138,22,9,0,0,23
0,0,0,tasknet,floor4,0.5,100,0.5,0.75,0.5,0.38,0.5,1,131,70,5,0,0,30
0,0,0,filternet,floor4,0.5,100,0.5,0.75,0.5,0.38,0.5,0,138,32,12,1,0,34
0,0,0,filternet,floor4,0.5,100,0.5,0.75,0.5,0.38,0.5,1,131,79,6,4,0,50
0,0,1,filternet,floor4,0.5,100,0.5,0.75,0.5,0.38,0.5,0,138,33,11,0,0,16
0,0,1,filternet,floor4,0.5,100,0.5,0.75,0.5,0.38,0.5,1,131,76,5,4,0,22
0,1,0,filternet,floor4,0.5,100,0.5,0.75,0.5,0.38,0.5,0,138,51,16,2,13,52
0,1,0,filternet,floor4,0.5,100,0.5,0.75,0.5,0.38,0.5,1,131,93,22,12,1,50
0,1,1,filternet,floor4,0.5,100,0.5,0.75,0.5,0.38,0.5,0,138,50,16,2,13,49
0,1,1,filternet,floor4,0.5,100,0.5,0.75,0.5,0.38,0.5,1,131,92,21,12,1,45
1,0,0,filternet,floor4,0.5,100,0.5,0.75,0.5,0.38,0.5,0,138,24,8,0,0,6
1,0,0,filternet,floor4,0.5,100,0.5,0.75,0.5,0.38,0.5,1,131,79,11,3,0,10
1,0,1,filternet,floor4,0.5,100,0.5,0.75,0.5,0.38,0.5,0,138,24,8,0,0,5
1,0,1,filternet,floor4,0.5,100,0.5,0.75,0.5,0.38,0.5,1,131,78,10,3,0,9
1,1,0,filternet,floor4,0.5,100,0.5,0.75,0.5,0.38,0.5,0,138,47,13,2,2,27
1,1,0,filternet,floor4,0.5,100,0.5,0.75,0.5,0.38,0.5,1,131,96,24,19,1,43
1,1,1,filternet,floor4,0.5,100,0.5,0.75,0.5,0.38,0.5,0,138,46,13,2,2,26
1,1,1,filternet,floor4,0.5,100,0.5,0.75,0.5,0.38,0.5,1,131,95,24,19,1,38
0,0,0,tasknet,floor4,0.75,10,0.5,0.75,0.5,0.38,0.5,0,138,18,6,0,0,19
0,0,0,tasknet,floor4,0.75,10,0.5,0.75,0.5,0.38,0.5,1,131,57,2,0,0,20
0,0,0,filternet,floor4,0.75,10,0.5,0.75,0.5,0.38,0.5,0,138,20,6,0,0,24
0,0,0,filternet,floor4,0.75,10,0.5,0.75,0.5,0.38,0.5,1,131,59,2,0,0,27
0,0,1,filternet,floor4,0.75,10,0.5,0.75,0.5,0.38,0.5,0,138,19,6,0,0,11
0,0,1,filternet,floor4,0.75,10,0.5,0.75,0.5,0.38,0.5,1,131,58,2,0,0,7
0,1,0,filternet,floor4,0.75,10,0.5,0.75,0.5,0.38,0.5,0,138,20,9,0,0,12
0,1,0,filternet,floor4,0.75,10,0.5,0.75,0.5,0.38,0.5,1,131,59,2,0,0,6
0,1,1,filternet,floor4,0.75,10,0.5,0.75,0.5,0.38,0.5,0,138,19,9,0,0,12
0,1,1,filternet,floor4,0.75,10,0.5,0.75,0.5,0.38,0.5,1,131,59,2,0,0,6
1,0,0,filternet,floor4,0.75,10,0.5,0.75,0.5,0.38,0.5,0,138,15,0,0,0,5
1,0,0,filternet,floor4,0.75,10,0.5,0.75,0.5,0.38,0.5,1,131,64,6,0,0,8
1,0,1,filternet,floor4,0.75,10,0.5,0.75,0.5,0.38,0.5,0,138,15,0,0,0,5
1,0,1,filternet,floor4,0.75,10,0.5,0.75,0.5,0.38,0.5,1,131,64,6,0,0,8
1,1,0,filternet,floor4,0.75,10,0.5,0.75,0.5,0.38,0.5,0,138,16,0,0,0,5
1,1,0,filternet,floor4,0.75,10,0.5,0.75,0.5,0.38,0.5,1,131,68,6,0,0,9
1,1,1,filternet,floor4,0.75,10,0.5,0.75,0.5,0.38,0.5,0,138,15,0,0,0,5
1,1,1,filternet,floor4,0.75,10,0.5,0.75,0.5,0.38,0.5,1,131,68,6,0,0,9
0,0,0,tasknet,floor4,0.75,30,0.5,0.75,0.5,0.38,0.5,0,138,22,9,0,0,23
0,0,0,tasknet,floor4,0.75,30,0.5,0.75,0.5,0.38,0.5,1,131,68,5,0,0,26
0,0,0,filternet,floor4,0.75,30,0.5,0.75,0.5,0.38,0.5,0,138,30,11,0,0,33
0,0,0,filternet,floor4,0.75,30,0.5,0.75,0.5,0.38,0.5,1,131,76,5,4,0,41
0,0,1,filternet,floor4,0.75,30,0.5,0.75,0.5,0.38,0.5,0,138,27,10,0,0,17
0,0,1,filternet,floor4,0.75,30,0.5,0.75,0.5,0.38,0.5,1,131,74,5,4,0,12
0,1,0,filternet,floor4,0.75,30,0.5,0.75,0.5,0.38,0.5,0,138,28,12,0,1,16
0,1,0,filternet,floor4,0.75,30,0.5,0.75,0.5,0.38,0.5,1,131,77,10,3,0,15
0,1,1,filternet,floor4,0.75,30,0.5,0.75,0.5,0.38,0.5,0,138,27,12,0,1,16
0,1,1,filternet,floor4,0.75,30,0.5,0.75,0.5,0.38,0.5,1,131,77,10,3,0,14
1,0,0,filternet,floor4,0.75,30,0.5,0.75,0.5,0.38,0.5,0,138,18,3,0,0,3
1,0,0,filternet,floor4,0.75,30,0.5,0.75,0.5,0.38,0.5,1,131,77,12,3,0,11
1,0,1,filternet,floor4,0.75,30,0.5,0.75,0.5,0.38,0.5,0,138,17,3,0,0,3
1,0,1,filternet,floor4,0.75,30,0.5,0.75,0.5,0.38,0.5,1,131,77,12,3,0,11
1,1,0,filternet,floor4,0.75,30,0.5,0.75,0.5,0.38,0.5,0,138,22,3,0,0,5
1,1,0,filternet,floor4,0.75,30,0.5,0.75,0.5,0.38,0.5,1,131,85,14,4,0,12
1,1,1,filternet,floor4,0.75,30,0.5,0.75,0.5,0.38,0.5,0,138,21,3,0,0,5
1,1,1,filternet,floor4,0.75,30,0.5,0.75,0.5,0.38,0.5,1,131,85,14,4,0,12
0,0,0,tasknet,floor4,0.75,50,0.5,0.75,0.5,0.38,0.5,0,138,22,9,0,0,23
0,0,0,tasknet,floor4,0.75,50,0.5,0.75,0.5,0.38,0.5,1,131,70,5,0,0,30
0,0,0,filternet,floor4,0.75,50,0.5,0.75,0.5,0.38,0.5,0,138,32,12,0,0,34
0,0,0,filternet,floor4,0.75,50,0.5,0.75,0.5,0.38,0.5,1,131,79,6,4,0,49
0,0,1,filternet,floor4,0.75,50,0.5,0.75,0.5,0.38,0.5,0,138,32,12,0,0,17
0,0,1,filternet,floor4,0.75,50,0.5,0.75,0.5,0.38,0.5,1,131,75,5,4,0,17
0,1,0,filternet,floor4,0.75,50,0.5,0.75,0.5,0.38,0.5,0,138,45,18,0,2,31
0,1,0,filternet,floor4,0.75,50,0.5,0.75,0.5,0.38,0.5,1,131,82,7,6,0,15
0,1,1,filternet,floor4,0.75,50,0.5,0.75,0.5,0.38,0.5,0,138,41,18,0,2,29
0,1,1,filternet,floor4,0.75,50,0.5,0.75,0.5,0.38,0.5,1,131,81,7,6,0,13
1,0,0,filternet,floor4,0.75,50,0.5,0.75,0.5,0.38,0.5,0,138,28,3,0,0,6
1,0,0,filternet,floor4,0.75,50,0.5,0.75,0.5,0.38,0.5,1,131,85,8,4,0,8
1,0,1,filternet,floor4,0.75,50,0.5,0.75,0.5,0.38,0.5,0,138,29,3,0,0,5
1,0,1,filternet,floor4,0.75,50,0.5,0.75,0.5,0.38,0.5,1,131,84,7,4,0,8
1,1,0,filternet,floor4,0.75,50,0.5,0.75,0.5,0.38,0.5,0,138,39,3,0,0,13
1,1,0,filternet,floor4,0.75,50,0.5,0.75,0.5,0.38,0.5,1,131,97,9,8,0,12
1,1,1,filternet,floor4,0.75,50,0.5,0.75,0.5,0.38,0.5,0,138,38,3,0,0,12
1,1,1,filternet,floor4,0.75,50,0.5,0.75,0.5,0.38,0.5,1,131,96,8,8,0,12
0,0,0,tasknet,floor4,0.75,100,0.5,0.75,0.5,0.38,0.5,0,138,22,9,0,0,23
0,0,0,tasknet,floor4,0.75,100,0.5,0.75,0.5,0.38,0.5,1,131,70,5,0,0,30
0,0,0,filternet,floor4,0.75,100,0.5,0.75,0.5,0.38,0.5,0,138,32,12,1,0,34
0,0,0,filternet,floor4,0.75,100,0.5,0.75,0.5,0.38,0.5,1,131,79,6,4,0,50
0,0,1,filternet,floor4,0.75,100,0.5,0.75,0.5,0.38,0.5,0,138,31,9,0,0,14
0,0,1,filternet,floor4,0.75,100,0.5,0.75,0.5,0.38,0.5,1,131,75,5,4,0,21
0,1,0,filternet,floor4,0.75,100,0.5,0.75,0.5,0.38,0.5,0,138,53,17,2,13,55
0,1,0,filternet,floor4,0.75,100,0.5,0.75,0.5,0.38,0.5,1,131,89,19,10,1,51
0,1,1,filternet,floor4,0.75,100,0.5,0.75,0.5,0.38,0.5,0,138,52,18,2,13,46
0,1,1,filternet,floor4,0.75,100,0.5,0.75,0.5,0.38,0.5,1,131,86,18,10,1,47
1,0,0,filternet,floor4,0.75,100,0.5,0.75,0.5,0.38,0.5,0,138,25,4,1,0,1
1,0,0,filternet,floor4,0.75,100,0.5,0.75,0.5,0.38,0.5,1,131,81,9,4,0,10
1,0,1,filternet,floor4,0.75,100,0.5,0.75,0.5,0.38,0.5,0,138,25,4,0,0,1
1,0,1,filternet,floor4,0.75,100,0.5,0.75,0.5,0.38,0.5,1,131,81,9,4,0,9
1,1,0,filternet,floor4,0.75,100,0.5,0.75,0.5,0.38,0.5,0,138,54,7,2,1,16
1,1,0,filternet,floor4,0.75,100,0.5,0.75,0.5,0.38,0.5,1,131,98,15,19,1,40
1,1,1,filternet,floor4,0.75,100,0.5,0.75,0.5,0.38,0.5,0,138,54,7,2,1,14
1,1,1,filternet,floor4,0.75,100,0.5,0.75,0.5,0.38,0.5,1,131,96,14,19,1,38
0,0,0,tasknet,chemistry_floor0,0.25,10,0.5,0.75,0.5,0.38,0.5,0,192,40,11,0,0,24
0,0,0,tasknet,chemistry_floor0,0.25,10,0.5,0.75,0.5,0.38,0.5,1,135,26,7,1,0,68
0,0,0,filternet,chemistry_floor0,0.25,10,0.5,0.75,0.5,0.38,0.5,0,192,43,14,0,0,40
0,0,0,filternet,chemistry_floor0,0.25,10,0.5,0.75,0.5,0.38,0.5,1,135,34,7,1,0,86
0,0,1,filternet,chemistry_floor0,0.25,10,0.5,0.75,0.5,0.38,0.5,0,192,32,11,0,0,19
0,0,1,filternet,chemistry_floor0,0.25,10,0.5,0.75,0.5,0.38,0.5,1,135,31,6,1,0,23
0,1,0,filternet,chemistry_floor0,0.25,10,0.5,0.75,0.5,0.38,0.5,0,192,34,10,0,0,23
0,1,0,filternet,chemistry_floor0,0.25,10,0.5,0.75,0.5,0.38,0.5,1,135,34,8,1,0,24
0,1,1,filternet,chemistry_floor0,0.25,10,0.5,0.75,0.5,0.38,0.5,0,192,32,10,0,0,19
0,1,1,filternet,chemistry_floor0,0.25,10,0.5,0.75,0.5,0.38,0.5,1,135,33,7,1,0,18
1,0,0,filternet,chemistry_floor0,0.25,10,0.5,0.75,0.5,0.38,0.5,0,192,28,5,0,0,13
1,0,0,filternet,chemistry_floor0,0.25,10,0.5,0.75,0.5,0.38,0.5,1,135,30,8,1,0,19
1,0,1,filternet,chemistry_floor0,0.25,10,0.5,0.75,0.5,0.38,0.5,0,192,28,5,0,0,11
1,0,1,filternet,chemistry_floor0,0.25,10,0.5,0.75,0.5,0.38,0.5,1,135,30,6,1,0,18
1,1,0,filternet,chemistry_floor0,0.25,10,0.5,0.75,0.5,0.38,0.5,0,192,30,6,0,0,14
1,1,0,filternet,chemistry_floor0,0.25,10,0.5,0.75,0.5,0.38,0.5,1,135,31,7,1,0,22
1,1,1,filternet,chemistry_floor0,0.25,10,0.5,0.75,0.5,0.38,0.5,0,192,30,6,0,0,12
1,1,1,filternet,chemistry_floor0,0.25,10,0.5,0.75,0.5,0.38,0.5,1,135,31,6,1,0,21
0,0,0,tasknet,chemistry_floor0,0.25,30,0.5,0.75,0.5,0.38,0.5,0,192,48,15,0,0,31
0,0,0,tasknet,chemistry_floor0,0.25,30,0.5,0.75,0.5,0.38,0.5,1,135,29,9,1,0,80
0,0,0,filternet,chemistry_floor0,0.25,30,0.5,0.75,0.5,0.38,0.5,0,192,52,20,1,1,55
0,0,0,filternet,chemistry_floor0,0.25,30,0.5,0.75,0.5,0.38,0.5,1,135,40,13,2,0,118
0,0,1,filternet,chemistry_floor0,0.25,30,0.5,0.75,0.5,0.38,0.5,0,192,45,17,0,1,19
0,0,1,filternet,chemistry_floor0,0.25,30,0.5,0.75,0.5,0.38,0.5,1,135,35,10,2,0,33
0,1,0,filternet,chemistry_floor0,0.25,30,0.5,0.75,0.5,0.38,0.5,0,192,50,20,0,1,35
0,1,0,filternet,chemistry_floor0,0.25,30,0.5,0.75,0.5,0.38,0.5,1,135,41,9,0,0,32
0,1,1,filternet,chemistry_floor0,0.25,30,0.5,0.75,0.5,0.38,0.5,0,192,46,19,0,1,29
0,1,1,filternet,chemistry_floor0,0.25,30,0.5,0.75,0.5,0.38,0.5,1,135,38,8,0,0,29
1,0,0,filternet,chemistry_floor0,0.25,30,0.5,0.75,0.5,0.38,0.5,0,192,37,9,0,1,17
1,0,0,filternet,chemistry_floor0,0.25,30,0.5,0.75,0.5,0.38,0.5,1,135,41,12,0,0,12
1,0,1,filternet,chemistry_floor0,0.25,30,0.5,0.75,0.5,0.38,0.5,0,192,35,9,0,1,15
1,0,1,filternet,chemistry_floor0,0.25,30,0.5,0.75,0.5,0.38,0.5,1,135,40,12,0,0,12
1,1,0,filternet,chemistry_floor0,0.25,30,0.5,0.75,0.5,0.38,0.5,0,192,43,11,0,0,25
1,1,0,filternet,chemistry_floor0,0.25,30,0.5,0.75,0.5,0.38,0.5,1,135,45,11,1,0,17
1,1,1,filternet,chemistry_floor0,0.25,30,0.5,0.75,0.5,0.38,0.5,0,192,41,11,0,0,23
1,1,1,filternet,chemistry_floor0,0.25,30,0.5,0.75,0.5,0.38,0.5,1,135,44,11,1,0,17
0,0,0,tasknet,chemistry_floor0,0.25,50,0.5,0.75,0.5,0.38,0.5,0,192,50,15,0,0,31
0,0,0,tasknet,chemistry_floor0,0.25,50,0.5,0.75,0.5,0.38,0.5,1,135,30,9,1,0,81
0,0,0,filternet,chemistry_floor0,0.25,50,0.5,0.75,0.5,0.38,0.5,0,192,55,21,1,1,59
0,0,0,filternet,chemistry_floor0,0.25,50,0.5,0.75,0.5,0.38,0.5,1,135,41,13,3,0,123
0,0,1,filternet,chemistry_floor0,0.25,50,0.5,0.75,0.5,0.38,0.5,0,192,48,19,0,1,28
0,0,1,filternet,chemistry_floor0,0.25,50,0.5,0.75,0.5,0.38,0.5,1,135,37,9,2,0,34
0,1,0,filternet,chemistry_floor0,0.25,50,0.5,0.75,0.5,0.38,0.5,0,192,61,29,2,2,57
0,1,0,filternet,chemistry_floor0,0.25,50,0.5,0.75,0.5,0.38,0.5,1,135,50,13,5,1,48
0,1,1,filternet,chemistry_floor0,0.25,50,0.5,0.75,0.5,0.38,0.5,0,192,56,27,1,1,46
0,1,1,filternet,chemistry_floor0,0.25,50,0.5,0.75,0.5,0.38,0.5,1,135,44,11,2,1,31
1,0,0,filternet,chemistry_floor0,0.25,50,0.5,0.75,0.5,0.38,0.5,0,192,40,9,0,1,12
1,0,0,filternet,chemistry_floor0,0.25,50,0.5,0.75,0.5,0.38,0.5,1,135,39,10,1,0,15
1,0,1,filternet,chemistry_floor0,0.25,50,0.5,0.75,0.5,0.38,0.5,0,192,40,9,0,1,11
1,0,1,filternet,chemistry_floor0,0.25,50,0.5,0.75,0.5,0.38,0.5,1,135,39,10,1,0,15
1,1,0,filternet,chemistry_floor0,0.25,50,0.5,0.75,0.5,0.38,0.5,0,192,51,16,1,1,30
1,1,0,filternet,chemistry_floor0,0.25,50,0.5,0.75,0.5,0.38,0.5,1,135,49,12,2,0,25
1,1,1,filternet,chemistry_floor0,0.25,50,0.5,0.75,0.5,0.38,0.5,0,192,50,13,1,1,28
1,1,1,filternet,chemistry_floor0,0.25,50,0.5,0.75,0.5,0.38,0.5,1,135,50,12,1,0,24
0,0,0,tasknet,chemistry_floor0,0.25,100,0.5,0.75,0.5,0.38,0.5,0,192,50,15,0,0,31
0,0,0,tasknet,chemistry_floor0,0.25,100,0.5,0.75,0.5,0.38,0.5,1,135,30,9,1,0,81
0,0,0,filternet,chemistry_floor0,0.25,100,0.5,0.75,0.5,0.38,0.5,0,192,55,21,1,1,61
0,0,0,filternet,chemistry_floor0,0.25,100,0.5,0.75,0.5,0.38,0.5,1,135,41,13,3,0,123
0,0,1,filternet,chemistry_floor0,0.25,100,0.5,0.75,0.5,0.38,0.5,0,192,49,20,0,1,26
0,0,1,filternet,chemistry_floor0,0.25,100,0.5,0.75,0.5,0.38,0.5,1,135,40,8,3,0,38
0,1,0,filternet,chemistry_floor0,0.25,100,0.5,0.75,0.5,0.38,0.5,0,192,65,30,7,4,65
0,1,0,filternet,chemistry_floor0,0.25,100,0.5,0.75,0.5,0.38,0.5,1,135,51,20,12,3,95
0,1,1,filternet,chemistry_floor0,0.25,100,0.5,0.75,0.5,0.38,0.5,0,192,60,29,6,4,59
0,1,1,filternet,chemistry_floor0,0.25,100,0.5,0.75,0.5,0.38,0.5,1,135,50,19,11,3,82
1,0,0,filternet,chemistry_floor0,0.25,100,0.5,0.75,0.5,0.38,0.5,0,192,44,7,0,0,15
1,0,0,filternet,chemistry_floor0,0.25,100,0.5,0.75,0.5,0.38,0.5,1,135,49,6,5,0,13
1,0,1,filternet,chemistry_floor0,0.25,100,0.5,0.75,0.5,0.38,0.5,0,192,42,7,0,0,13
1,0,1,filternet,chemistry_floor0,0.25,100,0.5,0.75,0.5,0.38,0.5,1,135,49,6,5,0,13
1,1,0,filternet,chemistry_floor0,0.25,100,0.5,0.75,0.5,0.38,0.5,0,192,64,20,5,2,38
1,1,0,filternet,chemistry_floor0,0.25,100,0.5,0.75,0.5,0.38,0.5,1,135,54,11,10,2,39
1,1,1,filternet,chemistry_floor0,0.25,100,0.5,0.75,0.5,0.38,0.5,0,192,60,20,5,2,37
1,1,1,filternet,chemistry_floor0,0.25,100,0.5,0.75,0.5,0.38,0.5,1,135,54,11,9,2,39
0,0,0,tasknet,chemistry_floor0,0.5,10,0.5,0.75,0.5,0.38,0.5,0,192,40,11,0,0,24
0,0,0,tasknet,chemistry_floor0,0.5,10,0.5,0.75,0.5,0.38,0.5,1,135,26,7,1,0,68
0,0,0,filternet,chemistry_floor0,0.5,10,0.5,0.75,0.5,0.38,0.5,0,192,43,14,0,0,40
0,0,0,filternet,chemistry_floor0,0.5,10,0.5,0.75,0.5,0.38,0.5,1,135,34,7,1,0,86
0,0,1,filternet,chemistry_floor0,0.5,10,0.5,0.75,0.5,0.38,0.5,0,192,36,14,0,0,18
0,0,1,filternet,chemistry_floor0,0.5,10,0.5,0.75,0.5,0.38,0.5,1,135,33,6,1,0,21
0,1,0,filternet,chemistry_floor0,0.5,10,0.5,0.75,0.5,0.38,0.5,0,192,39,13,0,0,17
0,1,0,filternet,chemistry_floor0,0.5,10,0.5,0.75,0.5,0.38,0.5,1,135,35,7,0,0,16
0,1,1,filternet,chemistry_floor0,0.5,10,0.5,0.75,0.5,0.38,0.5,0,192,36,13,0,0,15
0,1,1,filternet,chemistry_floor0,0.5,10,0.5,0.75,0.5,0.38,0.5,1,135,35,7,0,0,11
1,0,0,filternet,chemistry_floor0,0.5,10,0.5,0.75,0.5,0.38,0.5,0,192,29,8,0,0,8
1,0,0,filternet,chemistry_floor0,0.5,10,0.5,0.75,0.5,0.38,0.5,1,135,36,12,0,0,12
1,0,1,filternet,chemistry_floor0,0.5,10,0.5,0.75,0.5,0.38,0.5,0,192,27,8,0,0,7
1,0,1,filternet,chemistry_floor0,0.5,10,0.5,0.75,0.5,0.38,0.5,1,135,36,12,0,0,12
1,1,0,filternet,chemistry_floor0,0.5,10,0.5,0.75,0.5,0.38,0.5,0,192,31,9,0,0,12
1,1,0,filternet,chemistry_floor0,0.5,10,0.5,0.75,0.5,0.38,0.5,1,135,37,13,0,0,12
1,1,1,filternet,chemistry_floor0,0.5,10,0.5,0.75,0.5,0.38,0.5,0,192,29,9,0,0,11
1,1,1,filternet,chemistry_floor0,0.5,10,0.5,0.75,0.5,0.38,0.5,1,135,37,13,0,0,12
0,0,0,tasknet,chemistry_floor0,0.5,30,0.5,0.75,0.5,0.38,0.5,0,192,48,15,0,0,31
0,0,0,tasknet,chemistry_floor0,0.5,30,0.5,0.75,0.5,0.38,0.5,1,135,29,9,1,0,80
0,0,0,filternet,chemistry_floor0,0.5,30,0.5,0.75,0.5,0.38,0.5,0,192,52,20,1,1,55
0,0,0,filternet,chemistry_floor0,0.5,30,0.5,0.75,0.5,0.38,0.5,1,135,40,13,2,0,118
0,0,1,filternet,chemistry_floor0,0.5,30,0.5,0.75,0.5,0.38,0.5,0,192,50,18,0,1,19
0,0,1,filternet,chemistry_floor0,0.5,30,0.5,0.75,0.5,0.38,0.5,1,135,37,11,3,0,28
0,1,0,filternet,chemistry_floor0,0.5,30,0.5,0.75,0.5,0.38,0.5,0,192,52,21,1,1,24
0,1,0,filternet,chemistry_floor0,0.5,30,0.5,0.75,0.5,0.38,0.5,1,135,42,14,1,0,37
0,1,1,filternet,chemistry_floor0,0.5,30,0.5,0.75,0.5,0.38,0.5,0,192,52,20,1,1,20
0,1,1,filternet,chemistry_floor0,0.5,30,0.5,0.75,0.5,0.38,0.5,1,135,41,13,1,0,28
1,0,0,filternet,chemistry_floor0,0.5,30,0.5,0.75,0.5,0.38,0.5,0,192,49,10,1,1,11
1,0,0,filternet,chemistry_floor0,0.5,30,0.5,0.75,0.5,0.38,0.5,1,135,43,10,2,0,14
1,0,1,filternet,chemistry_floor0,0.5,30,0.5,0.75,0.5,0.38,0.5,0,192,48,10,1,1,11
1,0,1,filternet,chemistry_floor0,0.5,30,0.5,0.75,0.5,0.38,0.5,1,135,43,10,2,0,14
1,1,0,filternet,chemistry_floor0,0.5,30,0.5,0.75,0.5,0.38,0.5,0,192,52,14,2,0,15
1,1,0,filternet,chemistry_floor0,0.5,30,0.5,0.75,0.5,0.38,0.5,1,135,44,10,2,0,19
1,1,1,filternet,chemistry_floor0,0.5,30,0.5,0.75,0.5,0.38,0.5,0,192,52,14,2,0,15
1,1,1,filternet,chemistry_floor0,0.5,30,0.5,0.75,0.5,0.38,0.5,1,135,44,10,2,0,19
0,0,0,tasknet,chemistry_floor0,0.5,50,0.5,0.75,0.5,0.38,0.5,0,192,50,15,0,0,31
0,0,0,tasknet,chemistry_floor0,0.5,50,0.5,0.75,0.5,0.38,0.5,1,135,30,9,1,0,81
0,0,0,filternet,chemistry_floor0,0.5,50,0.5,0.75,0.5,0.38,0.5,0,192,55,21,1,1,59
0,0,0,filternet,chemistry_floor0,0.5,50,0.5,0.75,0.5,0.38,0.5,1,135,41,13,3,0,123
0,0,1,filternet,chemistry_floor0,0.5,50,0.5,0.75,0.5,0.38,0.5,0,192,51,19,0,0,22
0,0,1,filternet,chemistry_floor0,0.5,50,0.5,0.75,0.5,0.38,0.5,1,135,38,11,3,0,27
0,1,0,filternet,chemistry_floor0,0.5,50,0.5,0.75,0.5,0.38,0.5,0,192,63,24,3,1,43
0,1,0,filternet,chemistry_floor0,0.5,50,0.5,0.75,0.5,0.38,0.5,1,135,50,15,5,1,37
0,1,1,filternet,chemistry_floor0,0.5,50,0.5,0.75,0.5,0.38,0.5,0,192,61,24,3,1,40
0,1,1,filternet,chemistry_floor0,0.5,50,0.5,0.75,0.5,0.38,0.5,1,135,48,13,3,1,27
1,0,0,filternet,chemistry_floor0,0.5,50,0.5,0.75,0.5,0.38,0.5,0,192,52,6,0,0,9
1,0,0,filternet,chemistry_floor0,0.5,50,0.5,0.75,0.5,0.38,0.5,1,135,49,10,1,0,16
1,0,1,filternet,chemistry_floor0,0.5,50,0.5,0.75,0.5,0.38,0.5,0,192,49,6,0,0,8
1,0,1,filternet,chemistry_floor0,0.5,50,0.5,0.75,0.5,0.38,0.5,1,135,48,10,1,0,17
1,1,0,filternet,chemistry_floor0,0.5,50,0.5,0.75,0.5,0.38,0.5,0,192,63,11,3,0,24
1,1,0,filternet,chemistry_floor0,0.5,50,0.5,0.75,0.5,0.38,0.5,1,135,58,12,2,0,27
1,1,1,filternet,chemistry_floor0,0.5,50,0.5,0.75,0.5,0.38,0.5,0,192,60,10,3,0,23
1,1,1,filternet,chemistry_floor0,0.5,50,0.5,0.75,0.5,0.38,0.5,1,135,58,12,2,0,27
0,0,0,tasknet,chemistry_floor0,0.5,100,0.5,0.75,0.5,0.38,0.5,0,192,50,15,0,0,31
0,0,0,tasknet,chemistry_floor0,0.5,100,0.5,0.75,0.5,0.38,0.5,1,135,30,9,1,0,81
0,0,0,filternet,chemistry_floor0,0.5,100,0.5,0.75,0.5,0.38,0.5,0,192,55,21,1,1,61
0,0,0,filternet,chemistry_floor0,0.5,100,0.5,0.75,0.5,0.38,0.5,1,135,41,13,3,0,123
0,0,1,filternet,chemistry_floor0,0.5,100,0.5,0.75,0.5,0.38,0.5,0,192,50,18,0,1,24
0,0,1,filternet,chemistry_floor0,0.5,100,0.5,0.75,0.5,0.38,0.5,1,135,40,10,4,0,27
0,1,0,filternet,chemistry_floor0,0.5,100,0.5,0.75,0.5,0.38,0.5,0,192,69,31,8,5,70
0,1,0,filternet,chemistry_floor0,0.5,100,0.5,0.75,0.5,0.38,0.5,1,135,50,22,15,2,69
0,1,1,filternet,chemistry_floor0,0.5,100,0.5,0.75,0.5,0.38,0.5,0,192,65,28,7,4,58
0,1,1,filternet,chemistry_floor0,0.5,100,0.5,0.75,0.5,0.38,0.5,1,135,48,21,15,2,50
1,0,0,filternet,chemistry_floor0,0.5,100,0.5,0.75,0.5,0.38,0.5,0,192,38,4,0,0,9
1,0,0,filternet,chemistry_floor0,0.5,100,0.5,0.75,0.5,0.38,0.5,1,135,52,21,3,0,16
1,0,1,filternet,chemistry_floor0,0.5,100,0.5,0.75,0.5,0.38,0.5,0,192,35,4,0,0,8
1,0,1,filternet,chemistry_floor0,0.5,100,0.5,0.75,0.5,0.38,0.5,1,135,50,21,3,0,16
1,1,0,filternet,chemistry_floor0,0.5,100,0.5,0.75,0.5,0.38,0.5,0,192,59,7,5,0,27
1,1,0,filternet,chemistry_floor0,0.5,100,0.5,0.75,0.5,0.38,0.5,1,135,68,29,13,2,48
1,1,1,filternet,chemistry_floor0,0.5,100,0.5,0.75,0.5,0.38,0.5,0,192,55,7,5,0,24
1,1,1,filternet,chemistry_floor0,0.5,100,0.5,0.75,0.5,0.38,0.5,1,135,67,29,13,2,47
0,0,0,tasknet,chemistry_floor0,0.75,10,0.5,0.75,0.5,0.38,0.5,0,192,40,11,0,0,24
0,0,0,tasknet,chemistry_floor0,0.75,10,0.5,0.75,0.5,0.38,0.5,1,135,26,7,1,0,68
0,0,0,filternet,chemistry_floor0,0.75,10,0.5,0.75,0.5,0.38,0.5,0,192,43,14,0,0,40
0,0,0,filternet,chemistry_floor0,0.75,10,0.5,0.75,0.5,0.38,0.5,1,135,34,7,1,0,86
0,0,1,filternet,chemistry_floor0,0.75,10,0.5,0.75,0.5,0.38,0.5,0,192,41,14,0,0,19
0,0,1,filternet,chemistry_floor0,0.75,10,0.5,0.75,0.5,0.38,0.5,1,135,33,6,1,0,19
0,1,0,filternet,chemistry_floor0,0.75,10,0.5,0.75,0.5,0.38,0.5,0,192,42,13,0,0,17
0,1,0,filternet,chemistry_floor0,0.75,10,0.5,0.75,0.5,0.38,0.5,1,135,35,8,2,0,14
0,1,1,filternet,chemistry_floor0,0.75,10,0.5,0.75,0.5,0.38,0.5,0,192,40,13,0,0,17
0,1,1,filternet,chemistry_floor0,0.75,10,0.5,0.75,0.5,0.38,0.5,1,135,33,8,2,0,11
1,0,0,filternet,chemistry_floor0,0.75,10,0.5,0.75,0.5,0.38,0.5,0,192,38,6,0,1,10
1,0,0,filternet,chemistry_floor0,0.75,10,0.5,0.75,0.5,0.38,0.5,1,135,35,5,0,0,10
1,0,1,filternet,chemistry_floor0,0.75,10,0.5,0.75,0.5,0.38,0.5,0,192,37,6,0,1,10
1,0,1,filternet,chemistry_floor0,0.75,10,0.5,0.75,0.5,0.38,0.5,1,135,35,5,0,0,10
1,1,0,filternet,chemistry_floor0,0.75,10,0.5,0.75,0.5,0.38,0.5,0,192,41,8,0,0,11
1,1,0,filternet,chemistry_floor0,0.75,10,0.5,0.75,0.5,0.38,0.5,1,135,36,5,1,0,9
1,1,1,filternet,chemistry_floor0,0.75,10,0.5,0.75,0.5,0.38,0.5,0,192,40,8,0,0,11
1,1,1,filternet,chemistry_floor0,0.75,10,0.5,0.75,0.5,0.38,0.5,1,135,36,5,1,0,9
0,0,0,tasknet,chemistry_floor0,0.75,30,0.5,0.75,0.5,0.38,0.5,0,192,48,15,0,0,31
0,0,0,tasknet,chemistry_floor0,0.75,30,0.5,0.75,0.5,0.38,0.5,1,135,29,9,1,0,80
0,0,0,filternet,chemistry_floor0,0.75,30,0.5,0.75,0.5,0.38,0.5,0,192,52,20,1,1,55
0,0,0,filternet,chemistry_floor0,0.75,30,0.5,0.75,0.5,0.38,0.5,1,135,40,13,2,0,118
0,0,1,filternet,chemistry_floor0,0.75,30,0.5,0.75,0.5,0.38,0.5,0,192,51,19,0,1,21
0,0,1,filternet,chemistry_floor0,0.75,30,0.5,0.75,0.5,0.38,0.5,1,135,39,10,2,0,30
0,1,0,filternet,chemistry_floor0,0.75,30,0.5,0.75,0.5,0.38,0.5,0,192,53,21,2,2,35
0,1,0,filternet,chemistry_floor0,0.75,30,0.5,0.75,0.5,0.38,0.5,1,135,43,13,4,0,28
0,1,1,filternet,chemistry_floor0,0.75,30,0.5,0.75,0.5,0.38,0.5,0,192,51,21,2,2,30
0,1,1,filternet,chemistry_floor0,0.75,30,0.5,0.75,0.5,0.38,0.5,1,135,43,12,4,0,21
1,0,0,filternet,chemistry_floor0,0.75,30,0.5,0.75,0.5,0.38,0.5,0,192,47,8,0,1,11
1,0,0,filternet,chemistry_floor0,0.75,30,0.5,0.75,0.5,0.38,0.5,1,135,49,14,1,0,11
1,0,1,filternet,chemistry_floor0,0.75,30,0.5,0.75,0.5,0.38,0.5,0,192,45,8,0,1,11
1,0,1,filternet,chemistry_floor0,0.75,30,0.5,0.75,0.5,0.38,0.5,1,135,49,14,1,0,10
1,1,0,filternet,chemistry_floor0,0.75,30,0.5,0.75,0.5,0.38,0.5,0,192,49,10,2,1,20
1,1,0,filternet,chemistry_floor0,0.75,30,0.5,0.75,0.5,0.38,0.5,1,135,53,15,3,0,14
1,1,1,filternet,chemistry_floor0,0.75,30,0.5,0.75,0.5,0.38,0.5,0,192,47,10,2,1,20
1,1,1,filternet,chemistry_floor0,0.75,30,0.5,0.75,0.5,0.38,0.5,1,135,53,15,3,0,13
0,0,0,tasknet,chemistry_floor0,0.75,50,0.5,0.75,0.5,0.38,0.5,0,192,50,15,0,0,31
0,0,0,tasknet,chemistry_floor0,0.75,50,0.5,0.75,0.5,0.38,0.5,1,135,30,9,1,0,81
0,0,0,filternet,chemistry_floor0,0.75,50,0.5,0.75,0.5,0.38,0.5,0,192,55,21,1,1,59
0,0,0,filternet,chemistry_floor0,0.75,50,0.5,0.75,0.5,0.38,0.5,1,135,41,13,3,0,123
0,0,1,filternet,chemistry_floor0,0.75,50,0.5,0.75,0.5,0.38,0.5,0,192,53,21,0,1,25
0,0,1,filternet,chemistry_floor0,0.75,50,0.5,0.75,0.5,0.38,0.5,1,135,41,10,3,0,30
0,1,0,filternet,chemistry_floor0,0.75,50,0.5,0.75,0.5,0.38,0.5,0,192,67,26,4,1,50
0,1,0,filternet,chemistry_floor0,0.75,50,0.5,0.75,0.5,0.38,0.5,1,135,54,13,9,1,56
0,1,1,filternet,chemistry_floor0,0.75,50,0.5,0.75,0.5,0.38,0.5,0,192,65,25,3,1,46
0,1,1,filternet,chemistry_floor0,0.75,50,0.5,0.75,0.5,0.38,0.5,1,135,51,12,8,1,40
1,0,0,filternet,chemistry_floor0,0.75,50,0.5,0.75,0.5,0.38,0.5,0,192,52,6,0,0,9
1,0,0,filternet,chemistry_floor0,0.75,50,0.5,0.75,0.5,0.38,0.5,1,135,52,10,3,0,18
1,0,1,filternet,chemistry_floor0,0.75,50,0.5,0.75,0.5,0.38,0.5,0,192,50,6,0,0,9
1,0,1,filternet,chemistry_floor0,0.75,50,0.5,0.75,0.5,0.38,0.5,1,135,52,10,3,0,18
1,1,0,filternet,chemistry_floor0,0.75,50,0.5,0.75,0.5,0.38,0.5,0,192,65,11,2,0,23
1,1,0,filternet,chemistry_floor0,0.75,50,0.5,0.75,0.5,0.38,0.5,1,135,60,10,6,1,31
1,1,1,filternet,chemistry_floor0,0.75,50,0.5,0.75,0.5,0.38,0.5,0,192,62,11,2,0,20
1,1,1,filternet,chemistry_floor0,0.75,50,0.5,0.75,0.5,0.38,0.5,1,135,59,10,6,1,30
0,0,0,tasknet,chemistry_floor0,0.75,100,0.5,0.75,0.5,0.38,0.5,0,192,50,15,0,0,31
0,0,0,tasknet,chemistry_floor0,0.75,100,0.5,0.75,0.5,0.38,0.5,1,135,30,9,1,0,81
0,0,0,filternet,chemistry_floor0,0.75,100,0.5,0.75,0.5,0.38,0.5,0,192,55,21,1,1,61
0,0,0,filternet,chemistry_floor0,0.75,100,0.5,0.75,0.5,0.38,0.5,1,135,41,13,3,0,123
0,0,1,filternet,chemistry_floor0,0.75,100,0.5,0.75,0.5,0.38,0.5,0,192,52,20,0,1,25
0,0,1,filternet,chemistry_floor0,0.75,100,0.5,0.75,0.5,0.38,0.5,1,135,41,10,2,0,30
0,1,0,filternet,chemistry_floor0,0.75,100,0.5,0.75,0.5,0.38,0.5,0,192,72,24,7,4,65
0,1,0,filternet,chemistry_floor0,0.75,100,0.5,0.75,0.5,0.38,0.5,1,135,57,21,13,3,63
0,1,1,filternet,chemistry_floor0,0.75,100,0.5,0.75,0.5,0.38,0.5,0,192,72,23,6,4,62
0,1,1,filternet,chemistry_floor0,0.75,100,0.5,0.75,0.5,0.38,0.5,1,135,57,20,10,2,52
1,0,0,filternet,chemistry_floor0,0.75,100,0.5,0.75,0.5,0.38,0.5,0,192,50,6,0,0,9
1,0,0,filternet,chemistry_floor0,0.75,100,0.5,0.75,0.5,0.38,0.5,1,135,53,12,3,0,9
1,0,1,filternet,chemistry_floor0,0.75,100,0.5,0.75,0.5,0.38,0.5,0,192,50,6,0,0,9
1,0,1,filternet,chemistry_floor0,0.75,100,0.5,0.75,0.5,0.38,0.5,1,135,53,12,3,0,9
1,1,0,filternet,chemistry_floor0,0.75,100,0.5,0.75,0.5,0.38,0.5,0,192,74,9,7,1,32
1,1,0,filternet,chemistry_floor0,0.75,100,0.5,0.75,0.5,0.38,0.5,1,135,69,18,14,0,37
1,1,1,filternet,chemistry_floor0,0.75,100,0.5,0.75,0.5,0.38,0.5,0,192,73,9,7,1,30
1,1,1,filternet,chemistry_floor0,0.75,100,0.5,0.75,0.5,0.38,0.5,1,135,69,18,14,0,37
0,0,0,tasknet,house_matteo,0.25,10,0.5,0.75,0.5,0.38,0.5,0,88,58,9,0,0,7
0,0,0,tasknet,house_matteo,0.25,10,0.5,0.75,0.5,0.38,0.5,1,155,32,1,0,0,10
0,0,0,filternet,house_matteo,0.25,10,0.5,0.75,0.5,0.38,0.5,0,88,61,9,0,0,8
0,0,0,filternet,house_matteo,0.25,10,0.5,0.75,0.5,0.38,0.5,1,155,39,3,0,0,13
0,0,1,filternet,house_matteo,0.25,10,0.5,0.75,0.5,0.38,0.5,0,88,59,9,0,0,9
0,0,1,filternet,house_matteo,0.25,10,0.5,0.75,0.5,0.38,0.5,1,155,38,3,0,0,10
0,1,0,filternet,house_matteo,0.25,10,0.5,0.75,0.5,0.38,0.5,0,88,60,10,0,0,9
0,1,0,filternet,house_matteo,0.25,10,0.5,0.75,0.5,0.38,0.5,1,155,39,5,0,0,8
0,1,1,filternet,house_matteo,0.25,10,0.5,0.75,0.5,0.38,0.5,0,88,60,10,0,0,9
0,1,1,filternet,house_matteo,0.25,10,0.5,0.75,0.5,0.38,0.5,1,155,39,5,0,0,8
1,0,0,filternet,house_matteo,0.25,10,0.5,0.75,0.5,0.38,0.5,0,88,59,3,0,0,3
1,0,0,filternet,house_matteo,0.25,10,0.5,0.75,0.5,0.38,0.5,1,155,44,5,0,0,14
1,0,1,filternet,house_matteo,0.25,10,0.5,0.75,0.5,0.38,0.5,0,88,57,3,0,0,3
1,0,1,filternet,house_matteo,0.25,10,0.5,0.75,0.5,0.38,0.5,1,155,43,5,0,0,12
1,1,0,filternet,house_matteo,0.25,10,0.5,0.75,0.5,0.38,0.5,0,88,59,3,0,0,3
1,1,0,filternet,house_matteo,0.25,10,0.5,0.75,0.5,0.38,0.5,1,155,45,6,0,0,13
1,1,1,filternet,house_matteo,0.25,10,0.5,0.75,0.5,0.38,0.5,0,88,59,3,0,0,3
1,1,1,filternet,house_matteo,0.25,10,0.5,0.75,0.5,0.38,0.5,1,155,45,6,0,0,13
0,0,0,tasknet,house_matteo,0.25,30,0.5,0.75,0.5,0.38,0.5,0,88,60,12,0,2,11
0,0,0,tasknet,house_matteo,0.25,30,0.5,0.75,0.5,0.38,0.5,1,155,55,2,2,0,23
0,0,0,filternet,house_matteo,0.25,30,0.5,0.75,0.5,0.38,0.5,0,88,63,13,0,3,21
0,0,0,filternet,house_matteo,0.25,30,0.5,0.75,0.5,0.38,0.5,1,155,75,5,3,0,31
0,0,1,filternet,house_matteo,0.25,30,0.5,0.75,0.5,0.38,0.5,0,88,62,13,0,3,17
0,0,1,filternet,house_matteo,0.25,30,0.5,0.75,0.5,0.38,0.5,1,155,75,5,3,0,28
0,1,0,filternet,house_matteo,0.25,30,0.5,0.75,0.5,0.38,0.5,0,88,60,16,0,2,13
0,1,0,filternet,house_matteo,0.25,30,0.5,0.75,0.5,0.38,0.5,1,155,85,9,5,0,27
0,1,1,filternet,house_matteo,0.25,30,0.5,0.75,0.5,0.38,0.5,0,88,60,16,0,2,12
0,1,1,filternet,house_matteo,0.25,30,0.5,0.75,0.5,0.38,0.5,1,155,85,9,5,0,27
1,0,0,filternet,house_matteo,0.25,30,0.5,0.75,0.5,0.38,0.5,0,88,61,3,0,0,4
1,0,0,filternet,house_matteo,0.25,30,0.5,0.75,0.5,0.38,0.5,1,155,80,7,6,0,27
1,0,1,filternet,house_matteo,0.25,30,0.5,0.75,0.5,0.38,0.5,0,88,60,3,0,0,4
1,0,1,filternet,house_matteo,0.25,30,0.5,0.75,0.5,0.38,0.5,1,155,80,7,6,0,24
1,1,0,filternet,house_matteo,0.25,30,0.5,0.75,0.5,0.38,0.5,0,88,62,3,0,0,3
1,1,0,filternet,house_matteo,0.25,30,0.5,0.75,0.5,0.38,0.5,1,155,93,7,7,0,24
1,1,1,filternet,house_matteo,0.25,30,0.5,0.75,0.5,0.38,0.5,0,88,62,3,0,0,3
1,1,1,filternet,house_matteo,0.25,30,0.5,0.75,0.5,0.38,0.5,1,155,93,7,7,0,24
0,0,0,tasknet,house_matteo,0.25,50,0.5,0.75,0.5,0.38,0.5,0,88,60,13,0,2,13
0,0,0,tasknet,house_matteo,0.25,50,0.5,0.75,0.5,0.38,0.5,1,155,58,3,2,0,24
0,0,0,filternet,house_matteo,0.25,50,0.5,0.75,0.5,0.38,0.5,0,88,63,17,0,3,23
0,0,0,filternet,house_matteo,0.25,50,0.5,0.75,0.5,0.38,0.5,1,155,80,7,7,0,34
0,0,1,filternet,house_matteo,0.25,50,0.5,0.75,0.5,0.38,0.5,0,88,61,17,0,3,13
0,0,1,filternet,house_matteo,0.25,50,0.5,0.75,0.5,0.38,0.5,1,155,78,7,7,0,27
0,1,0,filternet,house_matteo,0.25,50,0.5,0.75,0.5,0.38,0.5,0,88,61,19,1,3,24
0,1,0,filternet,house_matteo,0.25,50,0.5,0.75,0.5,0.38,0.5,1,155,98,9,12,0,31
0,1,1,filternet,house_matteo,0.25,50,0.5,0.75,0.5,0.38,0.5,0,88,60,19,1,3,24
0,1,1,filternet,house_matteo,0.25,50,0.5,0.75,0.5,0.38,0.5,1,155,98,9,12,0,28
1,0,0,filternet,house_matteo,0.25,50,0.5,0.75,0.5,0.38,0.5,0,88,68,4,0,0,8
1,0,0,filternet,house_matteo,0.25,50,0.5,0.75,0.5,0.38,0.5,1,155,88,2,8,0,16
1,0,1,filternet,house_matteo,0.25,50,0.5,0.75,0.5,0.38,0.5,0,88,66,4,0,0,8
1,0,1,filternet,house_matteo,0.25,50,0.5,0.75,0.5,0.38,0.5,1,155,87,2,8,0,14
1,1,0,filternet,house_matteo,0.25,50,0.5,0.75,0.5,0.38,0.5,0,88,66,4,1,0,9
1,1,0,filternet,house_matteo,0.25,50,0.5,0.75,0.5,0.38,0.5,1,155,104,4,9,0,23
1,1,1,filternet,house_matteo,0.25,50,0.5,0.75,0.5,0.38,0.5,0,88,65,4,1,0,9
1,1,1,filternet,house_matteo,0.25,50,0.5,0.75,0.5,0.38,0.5,1,155,104,4,9,0,22
0,0,0,tasknet,house_matteo,0.25,100,0.5,0.75,0.5,0.38,0.5,0,88,60,13,0,2,13
0,0,0,tasknet,house_matteo,0.25,100,0.5,0.75,0.5,0.38,0.5,1,155,58,3,2,0,24
0,0,0,filternet,house_matteo,0.25,100,0.5,0.75,0.5,0.38,0.5,0,88,64,17,0,3,23
0,0,0,filternet,house_matteo,0.25,100,0.5,0.75,0.5,0.38,0.5,1,155,80,8,8,0,36
0,0,1,filternet,house_matteo,0.25,100,0.5,0.75,0.5,0.38,0.5,0,88,64,17,0,3,14
0,0,1,filternet,house_matteo,0.25,100,0.5,0.75,0.5,0.38,0.5,1,155,79,8,8,0,26
0,1,0,filternet,house_matteo,0.25,100,0.5,0.75,0.5,0.38,0.5,0,88,65,20,6,6,34
0,1,0,filternet,house_matteo,0.25,100,0.5,0.75,0.5,0.38,0.5,1,155,106,15,19,0,49
0,1,1,filternet,house_matteo,0.25,100,0.5,0.75,0.5,0.38,0.5,0,88,65,21,6,6,34
0,1,1,filternet,house_matteo,0.25,100,0.5,0.75,0.5,0.38,0.5,1,155,104,15,19,0,44
1,0,0,filternet,house_matteo,0.25,100,0.5,0.75,0.5,0.38,0.5,0,88,66,11,0,1,9
1,0,0,filternet,house_matteo,0.25,100,0.5,0.75,0.5,0.38,0.5,1,155,84,6,9,0,17
1,0,1,filternet,house_matteo,0.25,100,0.5,0.75,0.5,0.38,0.5,0,88,66,11,0,1,9
1,0,1,filternet,house_matteo,0.25,100,0.5,0.75,0.5,0.38,0.5,1,155,84,6,9,0,15
1,1,0,filternet,house_matteo,0.25,100,0.5,0.75,0.5,0.38,0.5,0,88,71,14,6,1,12
1,1,0,filternet,house_matteo,0.25,100,0.5,0.75,0.5,0.38,0.5,1,155,111,9,18,0,42
1,1,1,filternet,house_matteo,0.25,100,0.5,0.75,0.5,0.38,0.5,0,88,71,14,6,1,12
1,1,1,filternet,house_matteo,0.25,100,0.5,0.75,0.5,0.38,0.5,1,155,110,9,18,0,38
0,0,0,tasknet,house_matteo,0.5,10,0.5,0.75,0.5,0.38,0.5,0,88,58,9,0,0,7
0,0,0,tasknet,house_matteo,0.5,10,0.5,0.75,0.5,0.38,0.5,1,155,32,1,0,0,10
0,0,0,filternet,house_matteo,0.5,10,0.5,0.75,0.5,0.38,0.5,0,88,61,9,0,0,8
0,0,0,filternet,house_matteo,0.5,10,0.5,0.75,0.5,0.38,0.5,1,155,39,3,0,0,13
0,0,1,filternet,house_matteo,0.5,10,0.5,0.75,0.5,0.38,0.5,0,88,59,8,0,0,6
0,0,1,filternet,house_matteo,0.5,10,0.5,0.75,0.5,0.38,0.5,1,155,39,3,0,0,11
0,1,0,filternet,house_matteo,0.5,10,0.5,0.75,0.5,0.38,0.5,0,88,59,9,0,0,6
0,1,0,filternet,house_matteo,0.5,10,0.5,0.75,0.5,0.38,0.5,1,155,41,5,0,0,7
0,1,1,filternet,house_matteo,0.5,10,0.5,0.75,0.5,0.38,0.5,0,88,59,9,0,0,6
0,1,1,filternet,house_matteo,0.5,10,0.5,0.75,0.5,0.38,0.5,1,155,41,5,0,0,7
1,0,0,filternet,house_matteo,0.5,10,0.5,0.75,0.5,0.38,0.5,0,88,56,3,0,0,1
1,0,0,filternet,house_matteo,0.5,10,0.5,0.75,0.5,0.38,0.5,1,155,43,6,0,0,13
1,0,1,filternet,house_matteo,0.5,10,0.5,0.75,0.5,0.38,0.5,0,88,56,3,0,0,1
1,0,1,filternet,house_matteo,0.5,10,0.5,0.75,0.5,0.38,0.5,1,155,43,6,0,0,13
1,1,0,filternet,house_matteo,0.5,10,0.5,0.75,0.5,0.38,0.5,0,88,58,3,0,0,1
1,1,0,filternet,house_matteo,0.5,10,0.5,0.75,0.5,0.38,0.5,1,155,47,6,0,0,12
1,1,1,filternet,house_matteo,0.5,10,0.5,0.75,0.5,0.38,0.5,0,88,58,3,0,0,1
1,1,1,filternet,house_matteo,0.5,10,0.5,0.75,0.5,0.38,0.5,1,155,47,6,0,0,12
0,0,0,tasknet,house_matteo,0.5,30,0.5,0.75,0.5,0.38,0.5,0,88,60,12,0,2,11
0,0,0,tasknet,house_matteo,0.5,30,0.5,0.75,0.5,0.38,0.5,1,155,55,2,2,0,23
0,0,0,filternet,house_matteo,0.5,30,0.5,0.75,0.5,0.38,0.5,0,88,63,13,0,3,21
0,0,0,filternet,house_matteo,0.5,30,0.5,0.75,0.5,0.38,0.5,1,155,75,5,3,0,31
0,0,1,filternet,house_matteo,0.5,30,0.5,0.75,0.5,0.38,0.5,0,88,63,13,0,3,12
0,0,1,filternet,house_matteo,0.5,30,0.5,0.75,0.5,0.38,0.5,1,155,74,5,3,0,27
0,1,0,filternet,house_matteo,0.5,30,0.5,0.75,0.5,0.38,0.5,0,88,63,16,0,3,10
0,1,0,filternet,house_matteo,0.5,30,0.5,0.75,0.5,0.38,0.5,1,155,84,6,5,0,20
0,1,1,filternet,house_matteo,0.5,30,0.5,0.75,0.5,0.38,0.5,0,88,63,16,0,3,10
0,1,1,filternet,house_matteo,0.5,30,0.5,0.75,0.5,0.38,0.5,1,155,84,6,5,0,20
1,0,0,filternet,house_matteo,0.5,30,0.5,0.75,0.5,0.38,0.5,0,88,60,4,0,0,2
1,0,0,filternet,house_matteo,0.5,30,0.5,0.75,0.5,0.38,0.5,1,155,79,7,7,0,16
1,0,1,filternet,house_matteo,0.5,30,0.5,0.75,0.5,0.38,0.5,0,88,60,4,0,0,2
1,0,1,filternet,house_matteo,0.5,30,0.5,0.75,0.5,0.38,0.5,1,155,79,7,7,0,16
1,1,0,filternet,house_matteo,0.5,30,0.5,0.75,0.5,0.38,0.5,0,88,61,3,0,0,2
1,1,0,filternet,house_matteo,0.5,30,0.5,0.75,0.5,0.38,0.5,1,155,93,8,7,0,21
1,1,1,filternet,house_matteo,0.5,30,0.5,0.75,0.5,0.38,0.5,0,88,61,3,0,0,2
1,1,1,filternet,house_matteo,0.5,30,0.5,0.75,0.5,0.38,0.5,1,155,93,8,7,0,21
0,0,0,tasknet,house_matteo,0.5,50,0.5,0.75,0.5,0.38,0.5,0,88,60,13,0,2,13
0,0,0,tasknet,house_matteo,0.5,50,0.5,0.75,0.5,0.38,0.5,1,155,58,3,2,0,24
0,0,0,filternet,house_matteo,0.5,50,0.5,0.75,0.5,0.38,0.5,0,88,63,17,0,3,23
0,0,0,filternet,house_matteo,0.5,50,0.5,0.75,0.5,0.38,0.5,1,155,80,7,7,0,34
0,0,1,filternet,house_matteo,0.5,50,0.5,0.75,0.5,0.38,0.5,0,88,63,17,0,3,13
0,0,1,filternet,house_matteo,0.5,50,0.5,0.75,0.5,0.38,0.5,1,155,78,7,7,0,30
0,1,0,filternet,house_matteo,0.5,50,0.5,0.75,0.5,0.38,0.5,0,88,59,25,2,3,22
0,1,0,filternet,house_matteo,0.5,50,0.5,0.75,0.5,0.38,0.5,1,155,88,9,13,0,36
0,1,1,filternet,house_matteo,0.5,50,0.5,0.75,0.5,0.38,0.5,0,88,59,25,2,3,22
0,1,1,filternet,house_matteo,0.5,50,0.5,0.75,0.5,0.38,0.5,1,155,87,9,13,0,35
1,0,0,filternet,house_matteo,0.5,50,0.5,0.75,0.5,0.38,0.5,0,88,61,3,0,0,5
1,0,0,filternet,house_matteo,0.5,50,0.5,0.75,0.5,0.38,0.5,1,155,90,6,10,0,20
1,0,1,filternet,house_matteo,0.5,50,0.5,0.75,0.5,0.38,0.5,0,88,61,3,0,0,5
1,0,1,filternet,house_matteo,0.5,50,0.5,0.75,0.5,0.38,0.5,1,155,88,6,10,0,19
1,1,0,filternet,house_matteo,0.5,50,0.5,0.75,0.5,0.38,0.5,0,88,60,3,1,0,5
1,1,0,filternet,house_matteo,0.5,50,0.5,0.75,0.5,0.38,0.5,1,155,107,7,14,0,36
1,1,1,filternet,house_matteo,0.5,50,0.5,0.75,0.5,0.38,0.5,0,88,60,3,1,0,5
1,1,1,filternet,house_matteo,0.5,50,0.5,0.75,0.5,0.38,0.5,1,155,106,7,14,0,36
0,0,0,tasknet,house_matteo,0.5,100,0.5,0.75,0.5,0.38,0.5,0,88,60,13,0,2,13
0,0,0,tasknet,house_matteo,0.5,100,0.5,0.75,0.5,0.38,0.5,1,155,58,3,2,0,24
0,0,0,filternet,house_matteo,0.5,100,0.5,0.75,0.5,0.38,0.5,0,88,64,17,0,3,23
0,0,0,filternet,house_matteo,0.5,100,0.5,0.75,0.5,0.38,0.5,1,155,80,8,8,0,36
0,0,1,filternet,house_matteo,0.5,100,0.5,0.75,0.5,0.38,0.5,0,88,64,16,0,4,15
0,0,1,filternet,house_matteo,0.5,100,0.5,0.75,0.5,0.38,0.5,1,155,81,8,8,0,25
0,1,0,filternet,house_matteo,0.5,100,0.5,0.75,0.5,0.38,0.5,0,88,64,25,6,9,24
0,1,0,filternet,house_matteo,0.5,100,0.5,0.75,0.5,0.38,0.5,1,155,104,15,21,0,40
0,1,1,filternet,house_matteo,0.5,100,0.5,0.75,0.5,0.38,0.5,0,88,64,25,6,9,24
0,1,1,filternet,house_matteo,0.5,100,0.5,0.75,0.5,0.38,0.5,1,155,104,15,20,0,33
1,0,0,filternet,house_matteo,0.5,100,0.5,0.75,0.5,0.38,0.5,0,88,61,4,0,0,5
1,0,0,filternet,house_matteo,0.5,100,0.5,0.75,0.5,0.38,0.5,1,155,92,10,10,0,15
1,0,1,filternet,house_matteo,0.5,100,0.5,0.75,0.5,0.38,0.5,0,88,61,4,0,0,5
1,0,1,filternet,house_matteo,0.5,100,0.5,0.75,0.5,0.38,0.5,1,155,92,10,10,0,13
1,1,0,filternet,house_matteo,0.5,100,0.5,0.75,0.5,0.38,0.5,0,88,68,5,6,0,8
1,1,0,filternet,house_matteo,0.5,100,0.5,0.75,0.5,0.38,0.5,1,155,122,11,22,0,34
1,1,1,filternet,house_matteo,0.5,100,0.5,0.75,0.5,0.38,0.5,0,88,68,5,6,0,8
1,1,1,filternet,house_matteo,0.5,100,0.5,0.75,0.5,0.38,0.5,1,155,122,11,22,0,32
0,0,0,tasknet,house_matteo,0.75,10,0.5,0.75,0.5,0.38,0.5,0,88,58,9,0,0,7
0,0,0,tasknet,house_matteo,0.75,10,0.5,0.75,0.5,0.38,0.5,1,155,32,1,0,0,10
0,0,0,filternet,house_matteo,0.75,10,0.5,0.75,0.5,0.38,0.5,0,88,61,9,0,0,8
0,0,0,filternet,house_matteo,0.75,10,0.5,0.75,0.5,0.38,0.5,1,155,39,3,0,0,13
0,0,1,filternet,house_matteo,0.75,10,0.5,0.75,0.5,0.38,0.5,0,88,61,9,0,0,8
0,0,1,filternet,house_matteo,0.75,10,0.5,0.75,0.5,0.38,0.5,1,155,39,3,0,0,13
0,1,0,filternet,house_matteo,0.75,10,0.5,0.75,0.5,0.38,0.5,0,88,60,9,0,0,5
0,1,0,filternet,house_matteo,0.75,10,0.5,0.75,0.5,0.38,0.5,1,155,41,5,1,0,11
0,1,1,filternet,house_matteo,0.75,10,0.5,0.75,0.5,0.38,0.5,0,88,60,9,0,0,5
0,1,1,filternet,house_matteo,0.75,10,0.5,0.75,0.5,0.38,0.5,1,155,41,5,1,0,11
1,0,0,filternet,house_matteo,0.75,10,0.5,0.75,0.5,0.38,0.5,0,88,59,3,0,0,0
1,0,0,filternet,house_matteo,0.75,10,0.5,0.75,0.5,0.38,0.5,1,155,44,4,0,0,12
1,0,1,filternet,house_matteo,0.75,10,0.5,0.75,0.5,0.38,0.5,0,88,59,3,0,0,0
1,0,1,filternet,house_matteo,0.75,10,0.5,0.75,0.5,0.38,0.5,1,155,44,4,0,0,12
1,1,0,filternet,house_matteo,0.75,10,0.5,0.75,0.5,0.38,0.5,0,88,61,3,0,0,0
1,1,0,filternet,house_matteo,0.75,10,0.5,0.75,0.5,0.38,0.5,1,155,47,4,1,0,12
1,1,1,filternet,house_matteo,0.75,10,0.5,0.75,0.5,0.38,0.5,0,88,61,3,0,0,0
1,1,1,filternet,house_matteo,0.75,10,0.5,0.75,0.5,0.38,0.5,1,155,47,4,1,0,12
0,0,0,tasknet,house_matteo,0.75,30,0.5,0.75,0.5,0.38,0.5,0,88,60,12,0,2,11
0,0,0,tasknet,house_matteo,0.75,30,0.5,0.75,0.5,0.38,0.5,1,155,55,2,2,0,23
0,0,0,filternet,house_matteo,0.75,30,0.5,0.75,0.5,0.38,0.5,0,88,63,13,0,3,21
0,0,0,filternet,house_matteo,0.75,30,0.5,0.75,0.5,0.38,0.5,1,155,75,5,3,0,31
0,0,1,filternet,house_matteo,0.75,30,0.5,0.75,0.5,0.38,0.5,0,88,63,13,0,3,8
0,0,1,filternet,house_matteo,0.75,30,0.5,0.75,0.5,0.38,0.5,1,155,73,5,3,0,26
0,1,0,filternet,house_matteo,0.75,30,0.5,0.75,0.5,0.38,0.5,0,88,61,15,0,3,5
0,1,0,filternet,house_matteo,0.75,30,0.5,0.75,0.5,0.38,0.5,1,155,79,7,3,0,22
0,1,1,filternet,house_matteo,0.75,30,0.5,0.75,0.5,0.38,0.5,0,88,61,15,0,3,5
0,1,1,filternet,house_matteo,0.75,30,0.5,0.75,0.5,0.38,0.5,1,155,79,7,3,0,22
1,0,0,filternet,house_matteo,0.75,30,0.5,0.75,0.5,0.38,0.5,0,88,63,2,0,0,1
1,0,0,filternet,house_matteo,0.75,30,0.5,0.75,0.5,0.38,0.5,1,155,74,2,5,0,7
1,0,1,filternet,house_matteo,0.75,30,0.5,0.75,0.5,0.38,0.5,0,88,63,2,0,0,1
1,0,1,filternet,house_matteo,0.75,30,0.5,0.75,0.5,0.38,0.5,1,155,74,2,5,0,7
1,1,0,filternet,house_matteo,0.75,30,0.5,0.75,0.5,0.38,0.5,0,88,65,1,0,0,2
1,1,0,filternet,house_matteo,0.75,30,0.5,0.75,0.5,0.38,0.5,1,155,86,2,5,0,11
1,1,1,filternet,house_matteo,0.75,30,0.5,0.75,0.5,0.38,0.5,0,88,65,1,0,0,2
1,1,1,filternet,house_matteo,0.75,30,0.5,0.75,0.5,0.38,0.5,1,155,86,2,5,0,11
0,0,0,tasknet,house_matteo,0.75,50,0.5,0.75,0.5,0.38,0.5,0,88,60,13,0,2,13
0,0,0,tasknet,house_matteo,0.75,50,0.5,0.75,0.5,0.38,0.5,1,155,58,3,2,0,24
0,0,0,filternet,house_matteo,0.75,50,0.5,0.75,0.5,0.38,0.5,0,88,63,17,0,3,23
0,0,0,filternet,house_matteo,0.75,50,0.5,0.75,0.5,0.38,0.5,1,155,80,7,7,0,34
0,0,1,filternet,house_matteo,0.75,50,0.5,0.75,0.5,0.38,0.5,0,88,63,16,0,3,11
0,0,1,filternet,house_matteo,0.75,50,0.5,0.75,0.5,0.38,0.5,1,155,77,7,6,0,26
0,1,0,filternet,house_matteo,0.75,50,0.5,0.75,0.5,0.38,0.5,0,88,58,23,1,4,18
0,1,0,filternet,house_matteo,0.75,50,0.5,0.75,0.5,0.38,0.5,1,155,98,11,12,0,34
0,1,1,filternet,house_matteo,0.75,50,0.5,0.75,0.5,0.38,0.5,0,88,58,22,1,4,15
0,1,1,filternet,house_matteo,0.75,50,0.5,0.75,0.5,0.38,0.5,1,155,95,11,11,0,30
1,0,0,filternet,house_matteo,0.75,50,0.5,0.75,0.5,0.38,0.5,0,88,64,3,0,1,2
1,0,0,filternet,house_matteo,0.75,50,0.5,0.75,0.5,0.38,0.5,1,155,95,4,9,0,15
1,0,1,filternet,house_matteo,0.75,50,0.5,0.75,0.5,0.38,0.5,0,88,64,3,0,1,2
1,0,1,filternet,house_matteo,0.75,50,0.5,0.75,0.5,0.38,0.5,1,155,92,4,9,0,14
1,1,0,filternet,house_matteo,0.75,50,0.5,0.75,0.5,0.38,0.5,0,88,63,3,1,0,2
1,1,0,filternet,house_matteo,0.75,50,0.5,0.75,0.5,0.38,0.5,1,155,116,6,14,0,30
1,1,1,filternet,house_matteo,0.75,50,0.5,0.75,0.5,0.38,0.5,0,88,63,3,1,0,2
1,1,1,filternet,house_matteo,0.75,50,0.5,0.75,0.5,0.38,0.5,1,155,113,6,14,0,30
0,0,0,tasknet,house_matteo,0.75,100,0.5,0.75,0.5,0.38,0.5,0,88,60,13,0,2,13
0,0,0,tasknet,house_matteo,0.75,100,0.5,0.75,0.5,0.38,0.5,1,155,58,3,2,0,24
0,0,0,filternet,house_matteo,0.75,100,0.5,0.75,0.5,0.38,0.5,0,88,64,17,0,3,23
0,0,0,filternet,house_matteo,0.75,100,0.5,0.75,0.5,0.38,0.5,1,155,80,8,8,0,36
0,0,1,filternet,house_matteo,0.75,100,0.5,0.75,0.5,0.38,0.5,0,88,64,17,0,3,12
0,0,1,filternet,house_matteo,0.75,100,0.5,0.75,0.5,0.38,0.5,1,155,79,8,8,0,28
0,1,0,filternet,house_matteo,0.75,100,0.5,0.75,0.5,0.38,0.5,0,88,67,28,6,12,26
0,1,0,filternet,house_matteo,0.75,100,0.5,0.75,0.5,0.38,0.5,1,155,103,14,18,0,36
0,1,1,filternet,house_matteo,0.75,100,0.5,0.75,0.5,0.38,0.5,0,88,67,28,6,11,26
0,1,1,filternet,house_matteo,0.75,100,0.5,0.75,0.5,0.38,0.5,1,155,101,14,17,0,31
1,0,0,filternet,house_matteo,0.75,100,0.5,0.75,0.5,0.38,0.5,0,88,69,3,0,0,3
1,0,0,filternet,house_matteo,0.75,100,0.5,0.75,0.5,0.38,0.5,1,155,94,2,10,0,15
1,0,1,filternet,house_matteo,0.75,100,0.5,0.75,0.5,0.38,0.5,0,88,69,3,0,0,3
1,0,1,filternet,house_matteo,0.75,100,0.5,0.75,0.5,0.38,0.5,1,155,93,2,10,0,14
1,1,0,filternet,house_matteo,0.75,100,0.5,0.75,0.5,0.38,0.5,0,88,77,3,5,0,12
1,1,0,filternet,house_matteo,0.75,100,0.5,0.75,0.5,0.38,0.5,1,155,126,2,27,0,34
1,1,1,filternet,house_matteo,0.75,100,0.5,0.75,0.5,0.38,0.5,0,88,77,3,5,0,12
1,1,1,filternet,house_matteo,0.75,100,0.5,0.75,0.5,0.38,0.5,1,155,125,2,25,0,33
